module,function,signal,classification,risk,action,status
attendance-reminder.service,sendReminderForCandidate,long+I/O+partial-failure,CONFIRMED_DEBT,P1,defer_4c_residual,DEFERRED
checkout-attendance.flow,processLocationCheckout,long+branch+side-effects,CONFIRMED_DEBT,P1,defer_4c_residual,DEFERRED
check-in-attendance.flow,processLocationCheckIn,duplicate-key string matching,CONFIRMED_DEBT,P1,use_structured_helpers,DONE
operation-assignment.service,assignEmployee,long+TX,CONFIRMED_DEBT,P2,defer_4c,DEFERRED
recurring-workday-materialization,materializeMultiShiftOperationHorizon,lock+horizon,CONFIRMED_DEBT,P2,defer_4b_4c,DEFERRED
user-invitation.service,accept,authz+membership,CONFIRMED_DEBT,P2,defer_4a,DEFERRED
absence-request.service,create path,duplicate-key broad match,CONFIRMED_DEBT,P1,narrow_to_constraint_helper,DONE
whatsapp-bot.service,handleWebhookWithSettings,payload casts+silent catch,CONFIRMED_DEBT,P1,narrow_payload_log_catch,DONE
sql-server-errors,N/A,missing matches helper,CONFIRMED_DEBT,P1,add_matchesDuplicateKeyConstraint,DONE
