id	codigo	direccion	localidad	provincia	ubicacion	latitud	longitud	fuente	fecha_creacion
184	581	Juan Maria Gutierrez 3756	Capital Federal	Capital Federal		-34.580988700143720	-58.413044379623200	Georef	2026-06-22 10:18:33.750
185	642	Gral Paz 240	Capital Federal	Córdoba		-34.847746171489450	-58.529564043311720	Georef	2026-06-22 10:18:35.253
187	854	Av. Bartolome Mitre 3125	Moreno	Buenos Aires		-34.682254798873196	-58.344029322230774	Georef	2026-06-22 10:18:46.423
191	163	San Jerónimo 444	Córdoba Capital	Córdoba		-32.355400961834970	-60.940808511634240	Georef	2026-06-22 15:51:54.980
192	164	Rojas 726	Capital Federal	Capital Federal		-34.612596118171950	-58.444886639104390	Georef	2026-06-22 15:51:57.530
194	172	San Juan 1128	Capital Federal	Mendoza		-32.805979181544465	-61.412585424521320	Georef	2026-06-22 15:52:08.167
195	173	Caseros 243	Capital Federal	Córdoba		-33.685297823253130	-59.668738813328420	Georef	2026-06-22 15:52:10.917
196	174	Av. Independencia 2054	Capital Federal	Capital Federal		-35.911743779476720	-64.283907540976810	Georef	2026-06-22 15:52:15.087
197	182	463	Av. Teniente Gral Juan Domingo Perón 2640	Buenos Aires		-34.749948987571650	-58.238835422917150	Georef	2026-06-22 15:52:26.817
198	192	Av. Callao 1450	Capital Federal	Capital Federal		-34.592201960080860	-58.392363057426350	Georef	2026-06-22 15:52:31.100
199	194	Jacinto de Altolaguirre 1679	Capital Federal	Córdoba		-31.388646994191678	-64.134106644841310	Georef	2026-06-22 15:52:35.583
200	199	Av. Cordoba 1439	Capital Federal	Capital Federal		-24.181996175619766	-65.313981903790390	Georef	2026-06-22 15:52:39.527
201	200	Av. Rivadavia 8421	Capital Federal	Capital Federal		-34.633991682179150	-58.482584361968490	Georef	2026-06-22 15:52:43.233
202	207	Av. San Juan 560	Capital Federal	Capital Federal		-34.621921919062960	-58.373620047657040	Georef	2026-06-22 15:52:47.067
203	211	Italia y Sáenz Valiente	Capital Federal	Buenos Aires		-34.486968480393500	-58.505818771557200	Georef	2026-06-22 15:52:51.760
204	213	Paraguay 919	Capital Federal	Capital Federal		-23.122403986041387	-64.316361841308000	Georef	2026-06-22 15:52:55.520
205	216	Maipu 900	Vicente Lopez	Buenos Aires		-34.529641369831100	-58.480519428832900	Georef	2026-06-22 15:52:59.283
206	222	Paraná 473	Capital Federal	Córdoba		-31.423731967476130	-64.179771770193110	Georef	2026-06-22 15:53:13.033
207	223	Octavio Pinto 2665	Capital Federal	Córdoba		-31.389076928468786	-64.215645271360970	Georef	2026-06-22 15:53:17.007
208	224	280	Av. Republica de China 1045	Córdoba		-24.241040904853300	-65.263505550972700	Georef	2026-06-22 15:53:21.120
209	225	Jose Roque Funes 1145	Capital Federal	Córdoba		-31.379916488235278	-64.244458792131030	Georef	2026-06-22 15:53:25.190
211	236	Av. Rivadavia 7070	Capital Federal	Capital Federal		-34.629536793671630	-58.465102321085820	Georef	2026-06-22 15:53:41.717
212	245	Av. San Martín 2999	Capital Federal	Capital Federal		-34.602249589008900	-58.467334007125700	Georef	2026-06-22 15:53:46.030
213	247	316	Av. Cnel.Ramon L.Falcon 2402	Flores		-34.794455166061250	-58.194655204011580	Georef	2026-06-22 15:53:49.893
214	251	Arce 730	Capital Federal	Capital Federal		-34.568617015645750	-58.434817429293815	Georef	2026-06-22 15:53:53.593
216	257	Av. Independencia 1520	Capital Federal	Capital Federal		-31.858495828268765	-61.566080966802865	Georef	2026-06-22 15:54:10.083
217	260	Av. Las Heras 2397	Capital Federal	Capital Federal		-34.586559626242020	-58.398229871705540	Georef	2026-06-22 15:54:13.977
218	261	Rivadavia 57	Capital Federal	Mendoza		-33.411200429926830	-61.601664472307890	Georef	2026-06-22 15:54:17.920
219	265	Av. Angel Gallardo 30	Capital Federal	Capital Federal		-34.602377986858464	-58.432735354744760	Georef	2026-06-22 15:54:22.430
220	267	Roque Saenz Peña 121	Capital Federal	Mendoza		-30.006304893028780	-61.836253980298590	Georef	2026-06-22 15:54:26.680
222	270	Jose Ingenieros 59 (Villa Carlos Paz)	Capital Federal	Córdoba		-34.461214322841060	-58.527694752989580	Georef	2026-06-22 15:54:43.070
223	273	Av. Cabildo 3722	Capital Federal	Capital Federal		-34.548795235993330	-58.468304929649980	Georef	2026-06-22 15:54:46.983
225	281	Sagrada Familia 1305	Capital Federal	Córdoba		-31.386756647107475	-64.227375584549260	Georef	2026-06-22 15:55:03.043
226	283	Av. Las Heras 316	Capital Federal	Mendoza		-34.710823268886930	-58.263008185325840	Georef	2026-06-22 15:55:07.583
227	286	Av. Belgrano 1170	Capital Federal	Mendoza		-34.613203275573525	-58.382783863037040	Georef	2026-06-22 15:55:11.460
228	291	Piedras 383	Capital Federal	Capital Federal		-34.295162090802165	-60.255362200383864	Georef	2026-06-22 15:55:15.460
229	295	Bv. Granaderos 2906 (esq. Virgen de la Merced)	Capital Federal	Córdoba		-31.374617103221162	-64.213855459405920	Georef	2026-06-22 15:55:19.697
231	298	392	Jose Luis Borges 2463	Capital Federal		-34.754782932487200	-58.295729993017105	Georef	2026-06-22 15:55:34.103
232	299	Arenales 975	Capital Federal	Capital Federal		-34.175519521735800	-58.953517183105745	Georef	2026-06-22 15:55:38.130
233	300	Deheza 2239	Capital Federal	Capital Federal		-34.540619865637170	-58.471990731102416	Georef	2026-06-22 15:55:41.967
234	301	Pueyrredon 2464	Capital Federal	Capital Federal		-31.665736985748367	-60.790760802203096	Georef	2026-06-22 15:55:46.010
235	302	Esmeralda 823	Capital Federal	Capital Federal		-36.593922358827710	-64.292203939348350	Georef	2026-06-22 15:55:49.873
236	303	Talcahuano 841	Capital Federal	Capital Federal		-34.688702876945950	-58.499851701094650	Georef	2026-06-22 15:55:54.007
237	306	Fray Justo Santa María de Oro 2709	Capital Federal	Capital Federal		-23.806635847613826	-64.782602394741080	Georef	2026-06-22 15:55:57.963
238	307	Av. Las Heras 1936	Capital Federal	Capital Federal		-31.441834533750700	-61.250957837194250	Georef	2026-06-22 15:56:01.770
239	308	406	Salta 1637	Capital Federal		-27.809809696833952	-64.234509053941580	Georef	2026-06-22 15:56:06.067
240	309	Campana 3050	Capital Federal	Capital Federal		-34.602609278695270	-58.496316733006395	Georef	2026-06-22 15:56:09.937
241	310	Chivilcoy 3840	Capital Federal	Capital Federal		-34.600509053282830	-58.511235313084875	Georef	2026-06-22 15:56:13.843
242	311	Av. Monroe 2771	Capital Federal	Capital Federal		-34.560305546614510	-58.463314678100660	Georef	2026-06-22 15:56:18.103
243	312	Cerviño 4634	Capital Federal	Capital Federal		-34.575359730779326	-58.422716097633060	Georef	2026-06-22 15:56:21.970
244	313	Montañeses 2267	Capital Federal	Capital Federal		-34.700210784771950	-58.568558136739405	Georef	2026-06-22 15:56:25.773
245	314	Segurola 2344	Capital Federal	Capital Federal		-34.715869240019586	-58.720967296216660	Georef	2026-06-22 15:56:29.940
246	315	Jose Pedro Varela 3191	Capital Federal	Capital Federal		-34.598487262907510	-58.497293413344340	Georef	2026-06-22 15:56:33.790
249	318	Arroyo 859	Capital Federal	Capital Federal		-34.591580382032824	-58.379347789671606	Georef	2026-06-22 15:57:01.617
251	322	Del Carril 3210	Capital Federal	Capital Federal		-34.720889770960340	-58.801555670575155	Georef	2026-06-22 15:57:19.597
252	323	Montes de Oca 304	Capital Federal	Capital Federal		-32.046336682439670	-61.782818260072420	Georef	2026-06-22 15:57:23.450
253	324	Av. Directorio 1766	Capital Federal	Capital Federal		-34.630971225088140	-58.452675159115856	Georef	2026-06-22 15:57:27.397
254	325	Vidal 2355	Capital Federal	Capital Federal		-34.561814491576236	-58.462400136048345	Georef	2026-06-22 15:57:31.547
255	326	Alvarez Jonte 4872	Capital Federal	Capital Federal		-34.717659130634004	-58.779606255286330	Georef	2026-06-22 15:57:35.363
256	327	Av. Las Heras 2643	Capital Federal	Capital Federal		-34.584788335067360	-58.400193768543150	Georef	2026-06-22 15:57:39.503
257	328	Godoy Cruz 2793	Capital Federal	Capital Federal		-32.892262122732156	-68.801109637792890	Georef	2026-06-22 15:57:43.433
258	329	Lavalle 1747	Capital Federal	Capital Federal		-29.462665196693937	-60.221185102767640	Georef	2026-06-22 15:57:48.253
259	331	Charcas 3171	Capital Federal	Capital Federal		-34.664647192999720	-58.524839358218415	Georef	2026-06-22 15:57:52.263
260	332	Billinghurst 1380	Capital Federal	Capital Federal		-34.699316589418540	-58.620784366389124	Georef	2026-06-22 15:57:56.043
261	334	439	Gob. Arias 2420	Castelar		-34.801366205163700	-58.317571725902800	Georef	2026-06-22 15:58:00.040
262	335	440	Av. Cazon 1336	Tigre		-34.881762429226850	-58.092888983098900	Georef	2026-06-22 15:58:03.570
263	336	Charcas 3315 II	Capital Federal	Capital Federal		-34.591526222884500	-58.412531060041495	Georef	2026-06-22 15:58:07.370
264	337	Av. Federico Lacroze 2566	Capital Federal	Capital Federal		-34.572153477786360	-58.446163107999710	Georef	2026-06-22 15:58:11.317
265	338	Tucuman 831	Capital Federal	Capital Federal		-33.130145159078860	-64.327962607665680	Georef	2026-06-22 15:58:15.143
266	339	Av. Los Incas 4466	Capital Federal	Capital Federal		-34.581150762724060	-58.474097555266070	Georef	2026-06-22 15:58:18.933
267	341	Viamonte 352	Capital Federal	Capital Federal		-32.967181660910690	-60.632396036016495	Georef	2026-06-22 15:58:22.800
268	343	Amenabar 1187	Capital Federal	Capital Federal		-32.971966398412796	-60.645868610853476	Georef	2026-06-22 15:58:26.530
270	346	Suarez 1599	Capital Federal	Capital Federal		-34.638517813805100	-58.373377932057800	Georef	2026-06-22 15:58:42.083
271	347	Pacheco de Melo 2648	Capital Federal	Capital Federal		-34.586769032485606	-58.401408688858610	Georef	2026-06-22 15:58:46.007
272	348	Av. Rivadavia 3421	Capital Federal	Capital Federal		-34.610756500250496	-58.414743936773310	Georef	2026-06-22 15:58:49.893
273	349	Av. Cabildo 34	Capital Federal	Capital Federal		-34.574651128743575	-58.435942958252350	Georef	2026-06-22 15:58:53.670
274	351	Echeverria 2067	Capital Federal	Capital Federal		-33.885655351838814	-60.588369751338064	Georef	2026-06-22 15:58:57.657
275	352	Rodriguez Peña 1183	Capital Federal	Capital Federal		-29.784225899276176	-58.059238165743650	Georef	2026-06-22 15:59:01.453
276	354	Parana 1053	Capital Federal	Capital Federal		-32.940096071987064	-60.692194259828490	Georef	2026-06-22 15:59:04.783
277	355	Pueyrredon 1054	Capital Federal	Capital Federal		-29.886291323623787	-60.285978569889345	Georef	2026-06-22 15:59:08.870
278	357	Sarmiento 1592	Capital Federal	Capital Federal		-42.775825672976380	-65.052986582917430	Georef	2026-06-22 15:59:13.483
280	361	468	Juan Manuel de Rosas 6956	Buenos Aires		-34.754371353176700	-58.238637767347250	Georef	2026-06-22 15:59:31.853
281	362	Av. Directorio 1069	Capital Federal	Capital Federal		-34.629299920861840	-58.442568356683680	Georef	2026-06-22 15:59:35.657
282	363	Independencia 1833	Capital Federal	Capital Federal		-34.661795205649990	-58.720148113700290	Georef	2026-06-22 15:59:39.547
283	364	471	Av. Honorio Luque 6125	Laferrere		-34.865516155199650	-58.044859038752650	Georef	2026-06-22 15:59:43.360
284	365	Av. Nazca 1944	Capital Federal	Capital Federal		-34.611977027782586	-58.480972340352610	Georef	2026-06-22 15:59:47.203
285	367	Av. Estado de Israel 4309	Capital Federal	Capital Federal		-34.597916842615220	-58.426572507329055	Georef	2026-06-22 15:59:51.010
286	368	Cuba 2919 II	Capital Federal	Capital Federal		-34.755731157952280	-58.705530000102854	Georef	2026-06-22 15:59:55.060
287	369	Caseros 2864	Capital Federal	Capital Federal		-36.764200164968460	-56.687379112743860	Georef	2026-06-22 15:59:58.967
288	370	477	Dr. Enrique Simón Perez 4566	Gonzalez Catan		-38.106568555503450	-57.601453286126700	Georef	2026-06-22 16:00:02.753
289	371	Av. Olazabal 5483	Capital Federal	Capital Federal		-34.579126348598150	-58.490422102000580	Georef	2026-06-22 16:00:06.793
290	373	11 de Septiembre 3910	Capital Federal	Capital Federal		-34.543206239712470	-58.463161400142590	Georef	2026-06-22 16:00:10.580
291	374	Romulo Naon 2401	Capital Federal	Capital Federal		-34.567353257334200	-58.472783081697600	Georef	2026-06-22 16:00:14.300
292	375	Esmeralda 428	Capital Federal	Capital Federal		-36.594004734061170	-64.287166854622030	Georef	2026-06-22 16:00:18.310
293	376	483	Av. Carlos Casares 642	Buenos Aires		-34.911880484556300	-58.050985996794250	Georef	2026-06-22 16:00:22.230
294	378	485	Av. Presidente Juan Domingo Perón 23866	Capital Federal		-38.105711866655750	-57.608000966894550	Georef	2026-06-22 16:00:33.040
295	380	Otamendi 490	Capital Federal	Capital Federal		-34.610993668817550	-58.433677847806220	Georef	2026-06-22 16:00:37.003
296	388	Alte. Segui 849	Capital Federal	Buenos Aires		-34.615321421688330	-58.456350158875070	Georef	2026-06-22 16:00:41.457
297	391	Av. Cabildo 2865	Capital Federal	Capital Federal		-34.555831667010750	-58.462204467869654	Georef	2026-06-22 16:00:45.407
299	394	Av. Santa Fe 4489	Capital Federal	Capital Federal		-34.579344637990220	-58.424282480341210	Georef	2026-06-22 16:01:06.290
300	395	Federico Lacroze 4106	Capital Federal	Capital Federal		-34.586018613822430	-58.454500853011230	Georef	2026-06-22 16:01:10.310
301	396	Av. San Martin 2289	Capital Federal	Capital Federal		-34.604103432798840	-58.459988880864614	Georef	2026-06-22 16:01:14.317
302	397	526	Av. Dr.Honorio Pueyrredon 925	Capital Federal		-34.643095376914600	-59.361791173712900	Georef	2026-06-22 16:01:18.900
303	398	Av. Rivadavia 9436	Capital Federal	Capital Federal		-34.637107394411980	-58.497074527485540	Georef	2026-06-22 16:01:22.853
304	400	Del Barco Centenera 177	Capital Federal	Capital Federal		-34.621789788812900	-58.440968130341744	Georef	2026-06-22 16:01:34.553
305	402	Av. Corrientes 1974	Capital Federal	Capital Federal		-32.959691856696690	-60.645874553328530	Georef	2026-06-22 16:01:38.787
306	403	Av. Santa Fe 5052	Capital Federal	Capital Federal		-34.576799947775140	-58.430891714747740	Georef	2026-06-22 16:01:42.740
307	404	Av. Medrano 686	Capital Federal	Capital Federal		-34.602076293378104	-58.420805258721880	Georef	2026-06-22 16:01:46.733
309	408	Peru 916	Capital Federal	Capital Federal		-31.241863182013360	-61.503328787071360	Georef	2026-06-22 16:02:01.713
310	409	Av. Gaona 3567	Capital Federal	Capital Federal		-34.620954455069250	-58.475065733259800	Georef	2026-06-22 16:02:05.803
311	410	Tucumán 2173	Capital Federal	Capital Federal		-33.048283009336260	-61.164062399904445	Georef	2026-06-22 16:02:09.800
312	411	Av. E. Peron 3479	Capital Federal	Capital Federal		-34.687578734639466	-58.636525663226540	Georef	2026-06-22 16:02:13.830
313	412	Av. Caseros 3535	Capital Federal	Capital Federal		-34.638748406732450	-58.415001133363190	Georef	2026-06-22 16:02:17.790
314	413	Venezuela 4086	Capital Federal	Capital Federal		-34.550312217424750	-58.507101200481730	Georef	2026-06-22 16:02:21.753
315	415	Av. San Juan 4351	Capital Federal	Capital Federal		-34.626913772333320	-58.426170868871420	Georef	2026-06-22 16:02:25.787
316	416	Av. Almafuerte 880	Capital Federal	Capital Federal		-34.648160486877260	-58.416118350954400	Georef	2026-06-22 16:02:29.570
317	417	Fray Cayetano Rodriguez 464	Capital Federal	Capital Federal		-35.235215933914255	-63.593930531510070	Georef	2026-06-22 16:02:33.397
318	418	Carlos Calvo 1826	Capital Federal	Capital Federal		-34.620251336212114	-58.392041113559934	Georef	2026-06-22 16:02:37.550
319	419	Olavarria 469	Capital Federal	Capital Federal		-34.452935673506070	-58.894964892779086	Georef	2026-06-22 16:02:41.420
320	420	Av. Gaona 1384	Capital Federal	Capital Federal		-34.608758422050920	-58.448729575412110	Georef	2026-06-22 16:02:45.220
321	421	554	Coronel Martiniano Chilavert 6280	Capital Federal		-34.863597452986250	-60.064623525030740	Georef	2026-06-22 16:02:49.193
322	422	Murature 2169	Capital Federal	Buenos Aires		-34.472311757581245	-58.557043178683465	Georef	2026-06-22 16:02:52.967
323	423	Av. Castañares 4854	Capital Federal	Capital Federal		-34.666958006162440	-58.472858818765280	Georef	2026-06-22 16:02:56.857
324	424	Bartolome Mitre 226	Capital Federal	Buenos Aires		-34.199061991720340	-60.730610265477420	Georef	2026-06-22 16:03:00.887
325	426	Montañeses 2067	Capital Federal	Capital Federal		-34.700232667828300	-58.568582261290110	Georef	2026-06-22 16:03:16.063
326	427	Av. Rivadavia 16051	Capital Federal	Buenos Aires		-34.645014883865750	-58.590414758569665	Georef	2026-06-22 16:03:19.883
327	428	Rosario 4558	Capital Federal	Buenos Aires		-34.618943834471146	-58.746550457328760	Georef	2026-06-22 16:03:24.190
328	429	Independencia 4731	Capital Federal	Buenos Aires		-27.482575445068203	-58.794905680506076	Georef	2026-06-22 16:03:28.067
329	430	Carrillo 2170	Capital Federal	Buenos Aires		-37.962163017852234	-57.630065585206940	Georef	2026-06-22 16:03:33.207
331	436	Parana 6543	Capital Federal	Buenos Aires		-34.841680827095950	-58.477132940625630	Georef	2026-06-22 16:04:13.700
332	437	Centenario 1890	Capital Federal	Buenos Aires		-34.461392905716860	-58.526827708027110	Georef	2026-06-22 16:04:17.890
333	438	25 de Mayo 2650	Capital Federal	Buenos Aires		-34.691215816076706	-58.426061822667800	Georef	2026-06-22 16:04:21.903
336	441	Velez Sarfield 4690	Capital Federal	Buenos Aires		-33.047744458609870	-61.201630376054670	Georef	2026-06-22 16:04:50.917
337	442	Sarmiento 837	Capital Federal	Buenos Aires		-30.085360181177350	-58.791211031710500	Georef	2026-06-22 16:04:54.940
338	443	Los Tilos 711	Capital Federal	Buenos Aires		-32.860890355309124	-68.857900438451080	Georef	2026-06-22 16:04:58.790
339	444	Camino Gral Belgrano 6498	Capital Federal	Buenos Aires		-34.826220455943940	-58.183023806943100	Georef	2026-06-22 16:05:02.560
340	445	Av. Arana 231	Capital Federal	Buenos Aires		-34.856508935556530	-58.082595645854965	Georef	2026-06-22 16:05:06.520
341	446	Eva Peron 4461	Capital Federal	Buenos Aires		-34.729082343752000	-58.352722124290790	Georef	2026-06-22 16:05:10.410
342	447	Coronel D`Elia 1649	Capital Federal	Buenos Aires		-34.690957643723000	-58.408052321396380	Georef	2026-06-22 16:05:14.217
343	448	Carlos Pellegrini 844	Capital Federal	Buenos Aires		-31.417699904193032	-64.156141046854740	Georef	2026-06-22 16:05:18.243
344	449	Sallares 151	Capital Federal	Buenos Aires		-34.807856585323150	-58.275417057518150	Georef	2026-06-22 16:05:22.210
345	450	Bolivar 1343	Capital Federal	Buenos Aires		-34.390445794533484	-58.736996617782290	Georef	2026-06-22 16:05:26.120
346	451	Guatambu 12	Capital Federal	Buenos Aires		-34.676341183887440	-58.680787400357470	Georef	2026-06-22 16:05:30.170
347	452	Av. Centenario 5331	Capital Federal	Buenos Aires		-34.753510893045440	-58.238187856523716	Georef	2026-06-22 16:05:33.983
348	453	Martin Rodriguez 1399 (Banfield)	Capital Federal	Buenos Aires		-34.515986043829300	-58.551732639928700	Georef	2026-06-22 16:05:37.947
349	454	Mitre 573	Capital Federal	Buenos Aires		-36.768034047582620	-59.094352634482576	Georef	2026-06-22 16:05:42.023
350	455	Av. Hipolito Yrigoyen 2323	Capital Federal	Buenos Aires		-34.472130148177940	-58.656311942016850	Georef	2026-06-22 16:05:45.860
351	456	594	Av. Inclan 2502	Capital Federal		-34.508130364122600	-58.787873641736006	Georef	2026-06-22 16:05:49.730
352	457	Sarmiento 72	Glew	Buenos Aires		-34.830363377360160	-58.380105700144710	Georef	2026-06-22 16:06:01.517
353	458	Claudio de Alas 2146	Capital Federal	Buenos Aires		-34.720267446944995	-58.462904616885190	Georef	2026-06-22 16:06:05.567
354	459	Camino Gral Belgrano 4861	Capital Federal	Buenos Aires		-34.826133901828690	-58.183162203113720	Georef	2026-06-22 16:06:09.477
355	460	Eva Perón 3330	Capital Federal	Buenos Aires		-34.583832082125990	-58.661330651328825	Georef	2026-06-22 16:06:13.363
356	461	Salta 160	Capital Federal	Buenos Aires		-33.885698806908030	-60.563204140210770	Georef	2026-06-22 16:06:17.450
357	462	12 de octubre 520	Capital Federal	Buenos Aires		-38.088541679482610	-63.427647211440096	Georef	2026-06-22 16:06:21.387
358	464	Av. Peron 5492	Capital Federal	Buenos Aires		-27.461062531454658	-58.782394228274974	Georef	2026-06-22 16:06:37.303
359	465	606	Obispo Trejo 1166	Capital Federal		-35.764190381363950	-58.515019369330350	Georef	2026-06-22 16:06:41.547
362	469	Fraga 1629	Capital Federal	Buenos Aires		-34.673317859546444	-58.765771357420410	Georef	2026-06-22 16:07:09.963
363	470	El Payador 5550	Capital Federal	Buenos Aires		-34.588982376772236	-58.573371733179880	Georef	2026-06-22 16:07:14.167
365	472	Jauretche 1125	Capital Federal	Buenos Aires		-42.750517394511030	-65.046751667698670	Georef	2026-06-22 16:07:28.923
366	473	9 de Julio 46	Ramos Mejia	Buenos Aires		-34.639643433423550	-58.565153518983850	Georef	2026-06-22 16:07:42.303
367	474	Echeverri 943	Merlo	Buenos Aires		-34.671419070734030	-58.689131822985615	Georef	2026-06-22 16:07:53.547
368	475	Av. de Mayo 1832	Capital Federal	Buenos Aires		-33.888741752715330	-60.585185365647256	Georef	2026-06-22 16:07:57.687
369	476	Chilavert 1912	Capital Federal	Buenos Aires		-31.387233986222434	-64.146545223259200	Georef	2026-06-22 16:08:01.740
371	478	Misiones 6572	Palomar	Buenos Aires		-34.605270614119870	-58.593971471728010	Georef	2026-06-22 16:08:24.330
372	479	Eva Perón 4215	Capital Federal	Buenos Aires		-34.727436852444540	-58.354866380179786	Georef	2026-06-22 16:08:28.220
373	480	Av. Crovara 875	Capital Federal	Buenos Aires		-34.678783776159230	-58.509386289401135	Georef	2026-06-22 16:08:32.120
374	481	Boulogne Sur Mer 1398	Capital Federal	Buenos Aires		-34.642044315602620	-58.667613547813610	Georef	2026-06-22 16:08:36.433
375	482	Sullivan 1597	Capital Federal	Buenos Aires		-34.654041930975600	-58.714404688433450	Georef	2026-06-22 16:08:40.500
377	484	Salvador Maria del Carril 49	Capital Federal	Buenos Aires		-34.657246971762240	-58.762943065772920	Georef	2026-06-22 16:08:56.863
379	486	Av. San Juan 1374	Capital Federal	Capital Federal		-34.622371084617086	-58.385462996870350	Georef	2026-06-22 16:09:13.487
380	487	La Rioja 2040	Capital Federal	Capital Federal		-34.517398457701970	-58.541354350446106	Georef	2026-06-22 16:09:17.340
381	488	Av. Belgrano 1562	Capital Federal	Capital Federal		-34.613600825175350	-58.388408516930740	Georef	2026-06-22 16:09:21.463
382	489	Av. Caseros 2423	Capital Federal	Capital Federal		-34.635441501467580	-58.396285657751350	Georef	2026-06-22 16:09:25.300
383	491	Av. Montes de Oca 970	Capital Federal	Capital Federal		-34.639375325865810	-58.374458739330260	Georef	2026-06-22 16:09:37.683
384	492	Pedro Lozano 3150	Capital Federal	Capital Federal		-34.600895677914860	-58.494476339324265	Georef	2026-06-22 16:09:41.683
385	493	Charcas 3940	Capital Federal	Capital Federal		-34.671182497105610	-58.517544338017020	Georef	2026-06-22 16:09:46.150
386	494	Francisco Segui 1519	Capital Federal	Buenos Aires		-33.226689360487420	-60.323268777886420	Georef	2026-06-22 16:09:50.030
388	496	José Hernandez 130	Capital Federal	Buenos Aires		-31.336537216187380	-61.820469163825344	Georef	2026-06-22 16:10:07.177
389	498	Av. Luro 6329	Capital Federal	Buenos Aires		-37.979406767657444	-57.584132300642060	Georef	2026-06-22 16:10:24.307
391	512	Francisco Ramirez 43	Capital Federal	Buenos Aires		-32.302300269447564	-59.138687472729316	Georef	2026-06-22 16:10:41.200
392	516	671	Mcal. Antonio Jose Sucre 2774	Capital Federal		-34.613111722496400	-58.575972553656754	Georef	2026-06-22 16:10:45.380
393	521	Av. Urquiza 4855	Capital Federal	Buenos Aires		-35.457199270296440	-60.885140075908105	Georef	2026-06-22 16:10:49.320
394	522	Arieta 2850	Capital Federal	Buenos Aires		-34.676284866896100	-58.563561540811650	Georef	2026-06-22 16:10:53.500
395	524	Bernardo Irigoyen 746	Capital Federal	Buenos Aires		-38.366679350322380	-60.274458167811630	Georef	2026-06-22 16:10:57.567
396	525	Crisologo Larralde 3721	Capital Federal	Capital Federal		-34.694431455454320	-58.349249641927905	Georef	2026-06-22 16:11:01.497
398	527	Fray Justo Santa Maria de Oro 2121	Capital Federal	Capital Federal		-34.583227456700830	-58.427911474812355	Georef	2026-06-22 16:11:17.710
399	528	Aguirre 236	Capital Federal	Capital Federal		-34.599885943225090	-58.433567842555170	Georef	2026-06-22 16:11:21.770
400	529	Viamonte 2296	Capital Federal	Capital Federal		-34.601114935125160	-58.399771174784510	Georef	2026-06-22 16:11:25.723
401	530	Av. Rivadavia 6074	Capital Federal	Capital Federal		-34.624567745487210	-58.451297910730325	Georef	2026-06-22 16:11:29.893
402	531	Arevalo 1736	Capital Federal	Capital Federal		-34.580623321406556	-58.440043349440320	Georef	2026-06-22 16:11:34.043
403	533	Rosario 85	Capital Federal	Capital Federal		-38.875440517151134	-62.056309074146420	Georef	2026-06-22 16:11:38.173
404	534	Martiniano Leguizamon 1576	Capital Federal	Capital Federal		-34.653423251821685	-58.507139647501470	Georef	2026-06-22 16:11:42.620
405	535	Murguiondo 4324	Capital Federal	Capital Federal		-34.677991618548630	-58.474352134589600	Georef	2026-06-22 16:11:46.560
406	536	Av. Dr. Ricardo Balbin 4189	Capital Federal	Capital Federal		-31.398443637618893	-64.137415934891310	Georef	2026-06-22 16:11:50.337
407	537	Charcas 4367	Capital Federal	Capital Federal		-34.674040229792844	-58.513978640294134	Georef	2026-06-22 16:11:54.700
408	538	Hipolito Irigoyen 3254	Capital Federal	Capital Federal		-32.729189172765360	-60.735374831583810	Georef	2026-06-22 16:11:59.233
409	539	Av. Teniente Gral Donato Alvarez 837	Capital Federal	Capital Federal		-34.616318151066540	-58.458309035762590	Georef	2026-06-22 16:12:03.413
410	541	Maipu 918	Capital Federal	Capital Federal		-34.650450788730794	-58.572738932501840	Georef	2026-06-22 16:12:07.627
411	542	Segurola 279	Capital Federal	Capital Federal		-34.636380493705815	-58.562140045322360	Georef	2026-06-22 16:12:11.750
412	543	Av. Olazabal 5179	Capital Federal	Capital Federal		-34.576970178207944	-58.486721508841070	Georef	2026-06-22 16:12:16.263
413	545	Libertad 1039	Capital Federal	Capital Federal		-35.052138839410624	-58.763286927420750	Georef	2026-06-22 16:12:20.760
414	546	Moreno 1902	Capital Federal	Capital Federal		-31.427537845824293	-64.166200983380800	Georef	2026-06-22 16:12:24.957
415	547	Av. Dorrego 851	Capital Federal	Capital Federal		-34.591334805220676	-58.447192695729730	Georef	2026-06-22 16:12:28.977
416	548	Av. Congreso 5241	Capital Federal	Capital Federal		-34.570722497232104	-58.491977850394780	Georef	2026-06-22 16:12:32.857
417	550	Sarmiento 3885	Capital Federal	Capital Federal		-31.634089986113118	-60.692302776416760	Georef	2026-06-22 16:12:36.717
418	551	Av. Monroe 3576	Capital Federal	Capital Federal		-34.565316077869970	-58.471151782319490	Georef	2026-06-22 16:12:40.793
419	552	726	Lisandro de Latorre 199	Liniers		-34.601371518307550	-58.591509908840110	Georef	2026-06-22 16:12:44.590
420	553	Cuzco 135	Capital Federal	Capital Federal		-34.688919637693346	-58.516739577725204	Georef	2026-06-22 16:12:48.360
422	555	Guemes 4161	Capital Federal	Capital Federal		-34.584781686419110	-58.419223556451776	Georef	2026-06-22 16:13:04.223
423	556	Grecia 3595	Capital Federal	Capital Federal		-34.546509557650786	-58.463231386650090	Georef	2026-06-22 16:13:08.067
424	557	733	Lisandro de Latorre 790	Mataderos		-38.176188730164660	-57.656329594934740	Georef	2026-06-22 16:13:11.900
425	558	Sarmiento 345	Capital Federal	Capital Federal		-36.858069118392800	-63.687688438475910	Georef	2026-06-22 16:13:15.870
426	559	Teodoro Garcia 2310	Capital Federal	Capital Federal		-34.568324564985694	-58.444559638805690	Georef	2026-06-22 16:13:19.660
427	560	Bartolome Mitre 1749	Capital Federal	Capital Federal		-34.572121159119200	-59.098203926663600	Georef	2026-06-22 16:13:23.463
428	561	Angel Gallardo 940	Capital Federal	Capital Federal		-34.405727837030554	-58.719327429402696	Georef	2026-06-22 16:13:27.493
429	562	San Martin 620	Capital Federal	Capital Federal		-25.797699465851620	-64.974075445074450	Georef	2026-06-22 16:13:31.290
430	563	Hidalgo 955	Capital Federal	Capital Federal		-34.789982062720070	-58.631388066251070	Georef	2026-06-22 16:13:35.140
431	565	Ecuador 932	Capital Federal	Capital Federal		-33.901644529797880	-60.561081034747930	Georef	2026-06-22 16:13:39.047
432	566	Alvarez Thomas 1996	Capital Federal	Capital Federal		-33.078778059800900	-60.558372089006504	Georef	2026-06-22 16:13:42.883
433	568	Olazabal 1898	Capital Federal	Capital Federal		-34.498864491557530	-58.583729656943795	Georef	2026-06-22 16:13:46.760
434	569	Av. Libertador 1140	Capital Federal	Capital Federal		-36.721208242838110	-56.686412436962414	Georef	2026-06-22 16:13:50.587
435	570	Defensa 1400	Capital Federal	Capital Federal		-34.645926262611304	-58.773260989355730	Georef	2026-06-22 16:13:54.383
436	571	Tacuari 89	Capital Federal	Capital Federal		-34.793878251961466	-58.425370626607894	Georef	2026-06-22 16:13:58.233
437	572	Del Barco Centenera 1282	Capital Federal	Capital Federal		-34.634340875548830	-58.435893507526770	Georef	2026-06-22 16:14:10.693
438	573	Av. Cordoba 3721	Capital Federal	Capital Federal		-34.597784015487186	-58.419190268908060	Georef	2026-06-22 16:14:14.487
439	574	Garcia del Rio 3166	Capital Federal	Capital Federal		-34.715361786404030	-58.803714109592285	Georef	2026-06-22 16:14:18.260
440	575	Av. Directorio 483	Capital Federal	Capital Federal		-34.627984623907230	-58.433575994920396	Georef	2026-06-22 16:14:22.240
441	576	Nuñez 1563	Capital Federal	Capital Federal		-34.545709881788870	-58.459539377203480	Georef	2026-06-22 16:14:26.030
442	577	Av. Córdoba 2038	Capital Federal	Capital Federal		-24.181640808526144	-65.318051100410500	Georef	2026-06-22 16:14:29.807
443	579	Av. Alte. Brown 795	Capital Federal	Capital Federal		-34.631998370371770	-58.360885152312600	Georef	2026-06-22 16:14:33.757
444	580	Av. Corrientes 4147	Capital Federal	Capital Federal		-32.984603975949210	-60.652172381051410	Georef	2026-06-22 16:14:37.650
445	582	Av. Congreso 4781	Capital Federal	Capital Federal		-34.567769123837870	-58.486437264366300	Georef	2026-06-22 16:14:53.810
446	583	Av. de Mayo 1241	Capital Federal	Capital Federal		-33.890683803268985	-60.579374815149740	Georef	2026-06-22 16:14:57.900
447	585	Lima 945	Capital Federal	Capital Federal		-34.619083314801130	-58.381450952058700	Georef	2026-06-22 16:15:01.800
448	586	San Martin 5934	Capital Federal	Capital Federal		-31.613344014553274	-60.696697376539035	Georef	2026-06-22 16:15:05.593
449	587	Rojas 16	Capital Federal	Capital Federal		-33.369617910040890	-60.263910791986540	Georef	2026-06-22 16:15:09.400
450	588	773	Pres. Manuel Quintana 570	Recoleta		-38.187370510183350	-57.677153025272050	Georef	2026-06-22 16:15:13.390
451	589	Peru 487	Capital Federal	Capital Federal		-31.451866452480690	-60.906674480052885	Georef	2026-06-22 16:15:17.973
452	590	Peña 2544	Capital Federal	Capital Federal		-31.380448554453050	-64.145837404577400	Georef	2026-06-22 16:15:22.030
453	591	Juan Domingo Peron 4177	Capital Federal	Capital Federal		-34.685210845642010	-58.544966768015094	Georef	2026-06-22 16:15:25.817
454	592	Echeverria 1420	Capital Federal	Capital Federal		-33.888295971611200	-60.580452409414036	Georef	2026-06-22 16:15:29.583
455	593	Entre Rios 1192	Capital Federal	Capital Federal		-34.785455275699604	-58.355843528963500	Georef	2026-06-22 16:15:33.547
457	595	Cosquin 78	Capital Federal	Capital Federal		-34.639912117067070	-58.523625852784280	Georef	2026-06-22 16:15:56.500
458	596	Av. Federico Lacroze 3660	Capital Federal	Capital Federal		-34.582165767651700	-58.452011623258160	Georef	2026-06-22 16:16:00.300
459	597	Sanabria 2733	Capital Federal	Capital Federal		-34.611149339664250	-58.506382834889840	Georef	2026-06-22 16:16:04.083
460	598	Sarmiento 1810	Capital Federal	Capital Federal		-29.462703814014098	-60.216198867805700	Georef	2026-06-22 16:16:07.977
461	599	Blanco Encalada 4470	Capital Federal	Capital Federal		-34.571723604150040	-58.479965990277606	Georef	2026-06-22 16:16:11.770
462	600	Directorio 3960	Capital Federal	Capital Federal		-34.612471529209480	-58.552634506297170	Georef	2026-06-22 16:16:15.793
463	604	Av. Estado de Israel 4684	Capital Federal	Capital Federal		-34.600597356025100	-58.430904525601540	Georef	2026-06-22 16:16:19.583
464	605	Av. Juan Bautista Alberdi 7071	Capital Federal	Capital Federal		-34.659474504187470	-58.513062725520975	Georef	2026-06-22 16:16:23.517
466	607	Chacabuco 727	Capital Federal	Córdoba		-36.610821889514284	-64.298787792162170	Georef	2026-06-22 16:16:39.307
467	608	Serrano 280	Capital Federal	Capital Federal		-33.799505659854866	-59.500058728921540	Georef	2026-06-22 16:16:43.160
468	609	Av. del Libertador 4534	Capital Federal	Capital Federal		-34.566571928404140	-58.431569950573160	Georef	2026-06-22 16:16:47.177
469	610	Pueyrredon 298	Capital Federal	Córdoba		-37.029228602622840	-64.280443154297400	Georef	2026-06-22 16:16:51.343
470	613	Av. Congreso 2774	Capital Federal	Capital Federal		-34.557256705029560	-58.465977372702270	Georef	2026-06-22 16:16:55.117
471	614	Murguiondo 4053	Capital Federal	Capital Federal		-34.675885207211840	-58.477061706980200	Georef	2026-06-22 16:16:59.073
472	615	Av. Rivadavia 4702	Capital Federal	Capital Federal		-34.616166251110805	-58.431646603678150	Georef	2026-06-22 16:17:03.343
473	616	Rio de Janeiro 71	Capital Federal	Capital Federal		-33.887733003388330	-60.574072145973280	Georef	2026-06-22 16:17:07.130
474	617	Monroe 3131	Capital Federal	Capital Federal		-34.657356851240785	-58.696757854458404	Georef	2026-06-22 16:17:10.960
475	618	Bulnes 2751	Capital Federal	Capital Federal		-34.580467896440470	-58.405886996569690	Georef	2026-06-22 16:17:14.970
476	619	Ramos Mejia 1019	Capital Federal	Capital Federal		-31.422085202479680	-64.123270025788160	Georef	2026-06-22 16:17:19.153
477	621	Av. Avellaneda 1034	Capital Federal	Capital Federal		-34.720092026202366	-58.296005713069185	Georef	2026-06-22 16:17:23.220
478	622	Av. Boyaca 1082	Capital Federal	Capital Federal		-34.615823464481510	-58.464340481186580	Georef	2026-06-22 16:17:27.840
479	623	Av. Rivadavia 2520	Capital Federal	Capital Federal		-34.609904415791420	-58.402080400641530	Georef	2026-06-22 16:17:31.810
480	624	Nazca 3214	Capital Federal	Capital Federal		-34.599023274982230	-58.491576330539060	Georef	2026-06-22 16:17:35.720
481	625	Montiel 1061	Capital Federal	Capital Federal		-34.817613981520470	-58.374493068332676	Georef	2026-06-22 16:17:39.857
482	626	815	Av. Varela 1264	Flores		-34.752373414286450	-58.310783008934650	Georef	2026-06-22 16:17:43.740
483	627	Paseo Colon 1179	Capital Federal	Capital Federal		-34.621465019344160	-58.368335018029200	Georef	2026-06-22 16:17:47.670
484	628	Av. Rivadavia 4119	Capital Federal	Capital Federal		-34.612707941302910	-58.423831679381145	Georef	2026-06-22 16:17:51.733
485	630	Araoz 2148	Capital Federal	Capital Federal		-34.588217591835150	-58.419028834775396	Georef	2026-06-22 16:17:55.600
486	631	820	Av. Castro Barros 359	Córdoba Capital		-45.866987137743610	-67.544127711109160	Georef	2026-06-22 16:17:59.543
487	632	Amenabar 2702	Capital Federal	Capital Federal		-32.968243094723130	-60.666621693234430	Georef	2026-06-22 16:18:03.660
488	633	Bolivar 270	Capital Federal	Capital Federal		-34.288315467180030	-60.251382788206910	Georef	2026-06-22 16:18:07.613
489	634	Moreno 1401	Capital Federal	Capital Federal		-33.439322400748430	-62.077475245109280	Georef	2026-06-22 16:18:11.490
490	636	Ayacucho 1401	Capital Federal	Capital Federal		-33.058371560359120	-61.175694483342575	Georef	2026-06-22 16:18:15.387
491	637	Av. San Martin 2218	Capital Federal	Buenos Aires		-29.180771391707573	-58.092110824532504	Georef	2026-06-22 16:18:19.323
492	638	Av. De Mayo 432	Capital Federal	Buenos Aires		-33.893512026154680	-60.570945969790070	Georef	2026-06-22 16:18:23.227
493	639	Av. Pedro Goyena 188	Capital Federal	Capital Federal		-34.625416586858805	-58.429915562377720	Georef	2026-06-22 16:18:27.117
494	640	Boulogne Sur Mer 431	Capital Federal	Capital Federal		-34.605107780372320	-58.406855155943580	Georef	2026-06-22 16:18:30.407
495	641	Alvear 126	Capital Federal	Córdoba		-28.242215560736290	-59.447183757290990	Georef	2026-06-22 16:18:34.247
496	643	Segurola 1441	Capital Federal	Capital Federal		-34.673547849812360	-58.509613040946576	Georef	2026-06-22 16:18:50.740
497	644	25 de Mayo 979	Capital Federal	Córdoba		-40.810209858796505	-63.000473135685530	Georef	2026-06-22 16:18:55.177
498	645	Luis María Drago 287	Capital Federal	Capital Federal		-34.601510391682870	-58.437188946881080	Georef	2026-06-22 16:18:59.500
499	646	Baunes 2692	Capital Federal	Capital Federal		-34.572774010572760	-58.489515557923470	Georef	2026-06-22 16:19:03.890
500	648	Belgrano 54	Capital Federal	Córdoba		-34.293378800595660	-60.260409030322386	Georef	2026-06-22 16:19:07.797
501	649	Emilio Castro 6815	Capital Federal	Capital Federal		-34.651988630805130	-58.515510687219600	Georef	2026-06-22 16:19:11.990
502	650	San Martin 26	Capital Federal	Córdoba		-36.316255887580630	-57.679231121907094	Georef	2026-06-22 16:19:15.877
503	652	Av. Las Heras 2986	Capital Federal	Capital Federal		-34.583440642102600	-58.403763767436790	Georef	2026-06-22 16:19:19.823
504	654	Hipolito Yrigoyen 1790	Capital Federal	Capital Federal		-31.978724673212383	-60.926235037882730	Georef	2026-06-22 16:19:23.963
505	656	Viamonte 170	Capital Federal	Capital Federal		-32.967632622340550	-60.629893788412940	Georef	2026-06-22 16:19:27.893
506	657	Montiel 1718	Capital Federal	Capital Federal		-34.725886712440190	-58.705598063962820	Georef	2026-06-22 16:19:31.783
507	658	Larrazabal 265	Capital Federal	Capital Federal		-34.642115108830424	-58.513900999693720	Georef	2026-06-22 16:19:35.813
508	659	Conesa 999	Capital Federal	Capital Federal		-37.613312561134400	-62.399867621041800	Georef	2026-06-22 16:19:39.880
509	660	Juan Segui 4524	Capital Federal	Capital Federal		-31.453152239988725	-64.111029363507920	Georef	2026-06-22 16:19:43.860
510	661	Araoz 1140	Capital Federal	Capital Federal		-34.594599260650300	-58.428777214173930	Georef	2026-06-22 16:19:47.773
511	662	Av. Belgrano 3043	Capital Federal	Capital Federal		-34.615156686074840	-58.408949396711044	Georef	2026-06-22 16:19:51.647
512	664	Nogoya 3644	Capital Federal	Capital Federal		-34.606420124245200	-58.497878399100460	Georef	2026-06-22 16:19:55.537
513	667	Directorio 4989	Capital Federal	Capital Federal		-34.650756285686990	-58.490905698526376	Georef	2026-06-22 16:19:59.407
514	669	Yapeyu 2059	Capital Federal	Buenos Aires		-34.739540009024374	-58.348278761121804	Georef	2026-06-22 16:20:03.273
515	670	Hidalgo 92	Capital Federal	Capital Federal		-34.671584978897630	-58.684789505604556	Georef	2026-06-22 16:20:07.227
518	673	Carrasco 421	Capital Federal	Capital Federal		-34.632333110360776	-58.491288173056790	Georef	2026-06-22 16:20:34.907
519	674	Virrey del Pino 2527	Capital Federal	Capital Federal		-34.567144534578766	-58.454117538969726	Georef	2026-06-22 16:20:39.037
520	676	Chile 701	Capital Federal	Capital Federal		-37.336108914263626	-59.127366907706270	Georef	2026-06-22 16:20:43.207
521	677	Alvarez Jonte 3079	Capital Federal	Capital Federal		-34.636496750913280	-58.651515669355426	Georef	2026-06-22 16:20:47.240
522	678	Arregui 6369	Versalles	Capital Federal		-34.628360848386470	-58.523779167257100	Georef	2026-06-22 16:20:49.727
523	679	Av. Scalabrini Ortiz 1396	Palermo	Capital Federal		-34.592203423907300	-58.426901402747070	Georef	2026-06-22 16:20:52.263
524	680	875	Av. Bandera de Los Andes 9685	Guaymallén		-34.815171012386045	-58.237732375761040	Georef	2026-06-22 16:20:56.270
525	682	Viamonte 702	San Nicolás	Capital Federal		-34.599957259378435	-58.376813586873540	Georef	2026-06-22 16:20:58.750
527	684	Mexico 1530	Monserrat	Capital Federal		-34.615541433920775	-58.387924784680024	Georef	2026-06-22 16:21:12.980
528	685	Pareja 4890	Villa Devoto	Capital Federal		-34.605482461782266	-58.523940639127350	Georef	2026-06-22 16:21:15.460
529	686	Juan Agustin Garcia 3202	Santa Rita	Capital Federal		-34.612419055627340	-58.486051643714305	Georef	2026-06-22 16:21:18.183
530	687	Av. Alvarez Jonte 1987	Villa del Parque	Capital Federal		-34.603775264023630	-58.471548662411120	Georef	2026-06-22 16:21:20.607
531	688	Lope de Vega 19	Villa Luro	Capital Federal		-34.637265571054900	-58.499492360627480	Georef	2026-06-22 16:21:23.147
532	689	Av. Independencia 2716	Balvanera	Capital Federal		-34.618888361459620	-58.403745991961834	Georef	2026-06-22 16:21:25.640
533	691	Av. La Plata 716	Boedo	Capital Federal		-34.623841624191340	-58.427444636922830	Georef	2026-06-22 16:21:28.183
534	692	Neuquén 520	Caballito	Capital Federal		-34.615942616667170	-58.437863920116050	Georef	2026-06-22 16:21:30.677
535	693	Av. Pedro Goyena 1680	Caballito	Capital Federal		-34.628465556987360	-58.452148970033540	Georef	2026-06-22 16:21:33.240
536	694	Tucuman 1541	San Nicolás	Capital Federal		-34.601745590377500	-58.388643176241100	Georef	2026-06-22 16:21:35.637
537	695	Almirante Brown 261	La Boca	Capital Federal		-37.030264638234860	-64.281392812991570	Georef	2026-06-22 16:21:38.130
538	697	Caboto 420	La Boca	Capital Federal		-34.627750515821380	-58.360485250701934	Georef	2026-06-22 16:21:40.960
539	698	Belaustegui 2748	Santa Rita	Capital Federal		-34.615419597046270	-58.475487645479085	Georef	2026-06-22 16:21:43.470
540	699	Dorrego 2145	Palermo	Capital Federal		-34.578097858150110	-58.439410469966260	Georef	2026-06-22 16:21:45.990
541	710	Nahuel Huapi 5038	Villa Urquiza	Capital Federal		-34.570978445644740	-58.488354224264550	Georef	2026-06-22 16:21:48.477
542	711	Av. Alvarez Thomas 372	Colegiales	Capital Federal		-34.581245143456640	-58.449037760817070	Georef	2026-06-22 16:21:51.160
543	714	Mariscal Sucre 4230	Villa Urquiza	Capital Federal		-34.574294011198910	-58.472845340206820	Georef	2026-06-22 16:21:53.730
544	715	Av. Cordoba 4967	Palermo	Capital Federal		-34.591647337779584	-58.434063305849335	Georef	2026-06-22 16:21:56.203
545	716	Castañeda 1836	Belgrano	Capital Federal		-34.553898530238220	-58.436638360508226	Georef	2026-06-22 16:21:58.710
546	717	Junin 1460	Recoleta	Capital Federal		-34.591271233744620	-58.395365437384726	Georef	2026-06-22 16:22:01.197
547	719	Yerbal 2701	Flores	Capital Federal		-34.628738015463500	-58.467456970736700	Georef	2026-06-22 16:22:03.910
548	720	Independencia 585	Córdoba Capital	Córdoba		-34.664579663766800	-58.702177599094846	Georef	2026-06-22 16:22:08.270
550	724	Ayacucho 539	San Nicolás	Capital Federal		-34.602834781501850	-58.395465805651940	Georef	2026-06-22 16:22:22.950
551	725	Directorio 2320	Flores	Capital Federal		-34.633075096774800	-58.459362437530174	Georef	2026-06-22 16:22:25.653
553	727	Montiel 168	Liniers	Capital Federal		-34.641188503178830	-58.526291295655440	Georef	2026-06-22 16:22:36.827
554	729	Av. Belgrano 2160	Balvanera	Capital Federal		-34.614177644991740	-58.396941800862336	Georef	2026-06-22 16:22:38.753
555	731	Sarmiento 4551	Villa Crespo	Capital Federal		-34.604077985515460	-58.429634673248310	Georef	2026-06-22 16:22:40.793
556	732	Ambrosetti 758	Caballito	Capital Federal		-34.609483895226070	-58.438558866076780	Georef	2026-06-22 16:22:43.077
558	734	Urquiza 1013	Boedo	Capital Federal		-34.622542506318700	-58.409096764821950	Georef	2026-06-22 16:22:57.513
559	735	Av. Pueyrredon 2120	Recoleta	Capital Federal		-34.587804557985000	-58.397876980449865	Georef	2026-06-22 16:23:00.180
560	736	Chile 154	Córdoba Capital	Córdoba		-34.632376529573280	-58.783480026771700	Georef	2026-06-22 16:23:03.990
561	739	Franklin D Roosevelt 3002	Belgrano	Capital Federal		-34.560821676735436	-58.466179909028050	Georef	2026-06-22 16:23:06.440
562	740	Varela 888	Flores	Capital Federal		-34.639430772272710	-58.458663969491944	Georef	2026-06-22 16:23:08.830
563	741	Av. Triunvirato 4210	Villa Urquiza	Capital Federal		-34.578311492284280	-58.480225329370210	Georef	2026-06-22 16:23:11.223
564	742	Av. Juan Bautista Alberdi 5494	Mataderos	Capital Federal		-34.649072555864290	-58.499756985157840	Georef	2026-06-22 16:23:13.640
565	744	Independencia 907	Monserrat	Capital Federal		-34.617553919522024	-58.378857053570734	Georef	2026-06-22 16:23:16.060
566	745	Serrano 1458	Palermo	Capital Federal		-34.589671210115450	-58.431639553960770	Georef	2026-06-22 16:23:18.470
568	748	Malabia 494	Palermo	Capital Federal		-34.598221359791500	-58.438551774750100	Georef	2026-06-22 16:23:31.740
569	751	Esmeralda 1040	Retiro	Capital Federal		-34.595863473806010	-58.378460929353700	Georef	2026-06-22 16:23:34.250
570	752	Balcarce 379	Retiro	Capital Federal		-34.612150880675490	-58.370539938428955	Georef	2026-06-22 16:23:36.967
571	754	Av. Las Heras 3315	Recoleta	Capital Federal		-34.583114824508066	-58.407341011513594	Georef	2026-06-22 16:23:39.400
572	755	Concejal Tribulato 1281	San Miguel	Buenos Aires		-34.541312468541140	-58.713637748065710	Georef	2026-06-22 16:23:41.810
573	756	Paraguay 3079	Palermo	Capital Federal		-34.595202881219110	-58.410696774648734	Georef	2026-06-22 16:23:44.190
574	757	Av. Santa Fe 2429	Recoleta	Capital Federal		-34.594687255832830	-58.401465773572790	Georef	2026-06-22 16:23:46.823
575	758	Av. Corrientes 3401	Almagro	Capital Federal		-34.604137585141400	-58.413183587153400	Georef	2026-06-22 16:23:49.227
576	759	Juan Ramirez Velasco 745	Villa Crespo	Capital Federal		-34.596204582716830	-58.438736599966035	Georef	2026-06-22 16:23:51.603
577	761	Av. Corrientes 919	San Nicolás	Capital Federal		-34.603594250982155	-58.379747562952520	Georef	2026-06-22 16:24:02.210
578	762	Sarachaga 780	Córdoba Capital	Córdoba		-31.391005430644697	-64.184982508425480	Georef	2026-06-22 16:24:06.140
579	764	San Lorenzo 484	Córdoba Capital	Córdoba		-32.895704377745460	-68.802813308617430	Georef	2026-06-22 16:24:10.170
580	765	Buenos Aires 65	Córdoba Capital	Córdoba		-36.314986966983504	-57.677758710355725	Georef	2026-06-22 16:24:13.893
581	766	27 de abril 458	Córdoba Capital	Córdoba		-27.578056917692546	-64.136035174671970	Georef	2026-06-22 16:24:17.680
582	767	24 de Septiembre 1594	Córdoba Capital	Córdoba		-29.195339389307858	-58.073691655303720	Georef	2026-06-22 16:24:21.677
583	768	Independencia 855	Córdoba Capital	Córdoba		-34.663943398900080	-58.706314867878240	Georef	2026-06-22 16:24:25.583
584	769	San Martín 625	Villa Carlos Paz	Córdoba		-36.313754608820080	-57.672915718695870	Georef	2026-06-22 16:24:29.407
585	770	Ituzaingo 514	Córdoba Capital	Córdoba		-30.313578070059100	-61.231798372294520	Georef	2026-06-22 16:24:33.360
586	771	Santa Fe 723	Córdoba Capital	Córdoba		-29.182277240863670	-58.091177112902436	Georef	2026-06-22 16:24:37.417
587	772	Lavalleja 49	Córdoba Capital	Córdoba		-34.603406916152250	-58.438305583515140	Georef	2026-06-22 16:24:41.303
589	774	Av. Saenz 1050	Pompeya	Capital Federal		-34.652606954978250	-58.416377191237146	Georef	2026-06-22 16:24:55.090
590	775	Av. Angel Gallardo 499	Caballito	Capital Federal		-34.604959733985600	-58.437975049980100	Georef	2026-06-22 16:24:57.760
591	776	Illia 490	Córdoba Capital	Córdoba		-34.628875967119850	-58.569565270516550	Georef	2026-06-22 16:25:01.603
592	777	Bucarelli 1980	Villa Urquiza	Capital Federal		-34.579706585123960	-58.484693711727640	Georef	2026-06-22 16:25:04.010
593	778	Bulnes 758	Almagro	Capital Federal		-34.602726433149710	-58.417951427919334	Georef	2026-06-22 16:25:14.710
594	779	Av. Carabobo 269	Flores	Capital Federal		-34.630074274419860	-58.455080160227650	Georef	2026-06-22 16:25:16.807
595	780	Av. Corrientes 5573	Villa Crespo	Capital Federal		-34.596582807936926	-58.442341528439730	Georef	2026-06-22 16:25:19.597
596	781	Gabriela Mistral 3153	Villa Pueyrredon	Capital Federal		-34.589159494019660	-58.504777369967220	Georef	2026-06-22 16:25:22.007
597	782	Zapiola 2215	Belgrano	Capital Federal		-34.564896035331140	-58.464297537594230	Georef	2026-06-22 16:25:24.457
598	783	Av. Cabildo 1287	Belgrano	Capital Federal		-34.567913159535486	-58.448933437002566	Georef	2026-06-22 16:25:26.883
599	784	Jose María Bedoya 695	Córdoba Capital	Córdoba		-31.397957948533158	-64.186642652506350	Georef	2026-06-22 16:25:30.870
600	785	Boulevard San Juan 217	Córdoba Capital	Córdoba		-31.419949095030013	-64.189053551999100	Georef	2026-06-22 16:25:34.730
601	786	Lima 987	Córdoba Capital	Córdoba		-34.619606069068126	-58.381437222019330	Georef	2026-06-22 16:25:39.127
602	787	Alvear 2446	Villa Ballester	Buenos Aires		-34.580787718011810	-58.550201059043800	Georef	2026-06-22 16:25:42.160
603	788	Mansilla 3620	Palermo	Capital Federal		-34.591015977812624	-58.414683377105940	Georef	2026-06-22 16:25:44.577
604	789	Duarte Quirós 1851	Córdoba Capital	Córdoba		-31.411555132426670	-64.209694286545830	Georef	2026-06-22 16:25:48.443
605	790	Ituzaingó 921	Córdoba Capital	Córdoba		-30.312441934148154	-61.237768196189920	Georef	2026-06-22 16:25:51.203
606	791	Av. Francisco Beiro 3345	Capital Federal	Capital Federal		-34.598653488119020	-58.500143862572330	Georef	2026-06-22 16:25:55.537
607	792	Av. Independencia 3802	Caballito	Capital Federal		-34.621194309566550	-58.419436807767624	Georef	2026-06-22 16:25:57.960
608	793	Boulevard San Juan 835	Córdoba Capital	Córdoba		-31.417867227962258	-64.197175661210320	Georef	2026-06-22 16:26:02.650
609	794	Mariano Fragueiro 2220	Córdoba Capital	Córdoba		-31.389671157847070	-64.183811714768050	Georef	2026-06-22 16:26:06.790
610	795	Guatemala 4540	Palermo	Capital Federal		-34.587496376921166	-58.422980496218780	Georef	2026-06-22 16:26:09.397
611	796	Av. Chiclana 3002	Parque Patricios	Capital Federal		-34.630292932167880	-58.406410260518900	Georef	2026-06-22 16:26:12.073
612	797	Nogoya 2744	Capital Federal	Capital Federal		-34.600557990002610	-58.487807804338686	Georef	2026-06-22 16:26:16.873
613	798	Franklin D Roosevelt 2268	Belgrano	Capital Federal		-34.556592388714060	-58.459433162351910	Georef	2026-06-22 16:26:19.307
614	799	Soler 5748	Palermo	Capital Federal		-34.579692909228680	-58.434081879474320	Georef	2026-06-22 16:26:21.713
615	802	Artigas 4925	Villa Ballester	Buenos Aires		-34.552322227356670	-58.558674990274080	Georef	2026-06-22 16:26:24.000
616	805	Av. Medrano 414	Almagro	Capital Federal		-34.605862221140190	-58.421282188304370	Georef	2026-06-22 16:26:26.447
617	806	Jacinto de Altolaguirre 2222	Córdoba Capital	Córdoba		-31.383228856492313	-64.134063734830460	Georef	2026-06-22 16:26:30.470
618	807	Av. Capdevila 264	Córdoba Capital	Córdoba		-31.380430807665977	-64.171048698042440	Georef	2026-06-22 16:26:34.197
619	808	Av. Constituyentes 4081	Villa Urquiza	Capital Federal		-34.584952703569690	-58.488663537209980	Georef	2026-06-22 16:26:36.767
621	810	Av. Colón 1750	Córdoba Capital	Córdoba		-38.734138290136200	-62.286120948643750	Georef	2026-06-22 16:26:50.610
622	811	Av. Alvarez Thomas 1002	Colegiales	Capital Federal		-34.578912703491405	-58.455984452126450	Georef	2026-06-22 16:26:53.223
623	812	Av. Cobo 1697	Parque Patricios	Capital Federal		-34.643116586864160	-58.439201712393140	Georef	2026-06-22 16:26:55.733
624	813	Av. Colon 1088	Córdoba Capital	Córdoba		-37.148591854974150	-58.483016586173605	Georef	2026-06-22 16:26:59.523
625	814	San Jeronimo 3034	Córdoba Capital	Córdoba		-31.423665350335817	-64.145102964254100	Georef	2026-06-22 16:27:03.737
627	816	Av. Constituyentes 6209	Villa Urquiza	Capital Federal		-34.570653096727310	-58.507976866594800	Georef	2026-06-22 16:27:18.240
628	817	Duarte Quirós 2400	Córdoba Capital	Córdoba		-31.409659849971120	-64.215616110277780	Georef	2026-06-22 16:27:22.170
629	818	Av. Vélez Sarsfield 1045	Córdoba Capital	Córdoba		-31.427092512579430	-64.191702720284900	Georef	2026-06-22 16:27:25.870
630	819	Av. Cabildo 3955	Nuñez	Capital Federal		-34.547027660754170	-58.469697584235526	Georef	2026-06-22 16:27:28.350
632	821	Santa Fe 49	Córdoba Capital	Córdoba		-34.867435916449600	-58.359950177312030	Georef	2026-06-22 16:27:44.247
633	822	Av. España 1244	Mendoza	Mendoza		-32.888546880127880	-68.841553543686030	Georef	2026-06-22 16:27:46.727
634	823	San Martin 1153	Retiro	Capital Federal		-34.594266863829690	-58.374306864228610	Georef	2026-06-22 16:27:49.327
635	824	Av. San Martin 940	Cosquín	Córdoba		-29.183664860715720	-58.075846890517674	Georef	2026-06-22 16:27:53.583
636	825	Boulevard Sarmiento 5	Villa Carlos Paz	Córdoba		-33.644284272979410	-61.441141127421850	Georef	2026-06-22 16:27:57.573
637	826	Av. Francisco Beiro 5418	Villa Real	Capital Federal		-34.615040790321340	-58.526464492032660	Georef	2026-06-22 16:27:59.853
638	827	Av. Juan B Justo 3695	Villa Crespo	Capital Federal		-34.602763591879544	-58.455938498779860	Georef	2026-06-22 16:28:02.340
639	828	Av. Federico Lacroze 1735	Belgrano	Capital Federal		-34.563961730234160	-58.439072102846836	Georef	2026-06-22 16:28:04.847
640	829	Arribeños 2862	Nuñez	Capital Federal		-34.551134722216810	-58.456021321132240	Georef	2026-06-22 16:28:15.450
641	830	Gral José de San Martin 2601	Florida	Buenos Aires		-34.527331663773690	-58.490646389168690	Georef	2026-06-22 16:28:17.980
642	831	Av. Maipu 518	Vicente Lopez	Buenos Aires		-34.533474208106890	-58.478565452960560	Georef	2026-06-22 16:28:20.380
643	834	San Lorenzo 698	Mendoza	Mendoza		-32.892134693295430	-68.849143369101240	Georef	2026-06-22 16:28:35.537
644	836	Pueyrredon 283	Mendoza	Mendoza		-37.029227406803630	-64.280646142140130	Georef	2026-06-22 16:28:44.460
645	837	Nuñez 3802	Nuñez	Capital Federal		-34.556975188618320	-58.479730498700490	Georef	2026-06-22 16:28:47.090
646	838	Soler 4072	Palermo	Capital Federal		-34.590995978339620	-58.418740249533336	Georef	2026-06-22 16:28:49.393
647	839	Montevideo 461	San Nicolás	Capital Federal		-33.348743601827120	-60.204983750823175	Georef	2026-06-22 16:28:51.923
648	840	Av. Tte. Gral. Donato Alvarez 194	Caballito	Capital Federal		-34.623502461320214	-58.455025857049060	Georef	2026-06-22 16:28:54.190
649	841	Paso de los Andes 2212	Godoy Cruz	Mendoza		-32.903321808130535	-68.860339957099870	Georef	2026-06-22 16:28:56.600
650	842	Juan Agustín Maza 2777	Villa Maipu	Mendoza		-34.516879541428580	-58.707451491716725	Georef	2026-06-22 16:29:00.530
651	843	Montevideo 244	Mendoza	Mendoza		-32.892166227644225	-68.843068384246010	Georef	2026-06-22 16:29:02.810
652	844	Nazaret 2950	Córdoba Capital	Córdoba		-31.392713802560690	-64.222830925482650	Georef	2026-06-22 16:29:06.533
653	845	Diaz Colodrero 3187	Villa Urquiza	Capital Federal		-34.567216755075435	-58.490716474153395	Georef	2026-06-22 16:29:16.090
654	846	Santiago Temple 212	Córdoba Capital	Córdoba		-31.431459458230723	-64.193757143304130	Georef	2026-06-22 16:29:19.840
655	847	Av. Eden 499	La Falda	Córdoba		-31.093375389022850	-64.486711728352400	Georef (calle)	2026-06-22 16:29:31.057
656	848	Av. Elcano 4200	Chacarita	Capital Federal		-34.585156954473300	-58.460537793662100	Georef	2026-06-22 16:29:33.550
657	849	Av. Monroe 5771	Villa Urquiza	Capital Federal		-34.578821625496320	-58.494119130532354	Georef	2026-06-22 16:29:35.283
658	850	Deheza 2845	Saavedra	Capital Federal		-34.542875752360360	-58.477954094925400	Georef	2026-06-22 16:29:37.560
659	851	Ozamis 31	Maipu	Mendoza		-32.986370949163660	-68.791060532900890	Georef	2026-06-22 16:29:39.817
660	852	Saenz Peña 130	Villa Allende	Córdoba		-33.017395783060245	-60.604687878908270	Georef	2026-06-22 16:29:43.487
661	853	Av. Colón 636	Córdoba Capital	Córdoba		-38.724671954817400	-62.274315215894090	Georef	2026-06-22 16:29:46.400
662	855	Bartolome Mitre 4202	Almagro	Capital Federal		-34.610315090068580	-58.426038990457530	Georef	2026-06-22 16:29:58.833
663	856	Bulnes 250	Almagro	Capital Federal		-34.607912552941045	-58.418726784824700	Georef	2026-06-22 16:30:01.430
664	857	Perito Moreno 341	Godoy Cruz	Mendoza		-32.928779052236220	-68.844759729534080	Georef	2026-06-22 16:30:04.137
665	858	Rio de Janeiro 838	Caballito	Capital Federal		-34.605564749722790	-58.430994035153965	Georef	2026-06-22 16:30:06.670
666	859	Thames 647	Villa Crespo	Capital Federal		-34.594282145556520	-58.441388242919764	Georef	2026-06-22 16:30:09.150
667	860	Lopez y Planes 265	La Cumbre	Córdoba		-31.440842665345443	-62.071421902470460	Georef	2026-06-22 16:30:13.370
668	861	Prudencio Bustos 122	Alta Gracia	Córdoba		-31.657612967585840	-64.429190957364570	Georef (calle)	2026-06-22 16:30:24.550
669	863	Sarmiento 119	Villa Tulumaya - Lavalle	Mendoza		-34.601553126360950	-59.173735942601770	Georef	2026-06-22 16:30:28.347
670	864	Fray Cayetano Rodriguez 635	Flores	Capital Federal		-31.361146930966438	-64.166085336355320	Georef	2026-06-22 16:30:30.567
671	865	Av. San Martín 623	Cosquín	Córdoba		-29.184399672297350	-58.071796507031620	Georef	2026-06-22 16:30:34.200
672	866	Av. Montes de Oca 1714	Barracas	Capital Federal		-34.646834502243260	-58.373059172940510	Georef	2026-06-22 16:30:36.570
673	867	9 de Julio 156	La Falda	Córdoba		-39.052820193616700	-67.389276799637120	Georef	2026-06-22 16:30:40.320
674	868	Gallo 931	Balvanera	Capital Federal		-34.598900358477934	-58.412061341320730	Georef	2026-06-22 16:30:42.710
675	869	Av. Belgrano 140	Alta Gracia	Córdoba		-33.110687056793225	-60.795650578655200	Georef	2026-06-22 16:30:46.407
676	870	Godoy Cruz 2681	Palermo	Capital Federal		-34.578856387335840	-58.425428764653590	Georef	2026-06-22 16:30:48.617
677	871	Julio A. Roca 177	Jesús María	Córdoba		-35.086802674441650	-64.613606250103590	Georef	2026-06-22 16:30:51.970
678	872	San Martín 4840	Río Ceballos	Córdoba		-32.993367747116520	-60.647382665182670	Georef	2026-06-22 16:30:55.843
679	873	Santiago Derqui 33	Córdoba Capital	Córdoba		-22.724759283669826	-65.688458979336400	Georef	2026-06-22 16:30:59.430
681	876	Luis Agote 3092	Córdoba Capital	Córdoba		-31.424128968467443	-64.228451401333130	Georef	2026-06-22 16:31:25.917
682	877	Av. Cabildo 4300	Belgrano	Capital Federal		-34.544569474553100	-58.471537022806100	Georef	2026-06-22 16:31:28.380
683	6001	Maestro Vidal 304	Córdoba Capital	Córdoba		-31.407120693211308	-64.224031911343290	Georef	2026-06-22 16:31:31.233
684	6002	Membrillar 33	Flores	Capital Federal		-34.628804436685730	-58.461022328071440	Georef	2026-06-22 16:31:33.087
685	6003	Bv. Sarmiento 870	Río Segundo	Córdoba		-32.419065106705270	-63.239527818506420	Georef	2026-06-22 16:31:35.823
686	6004	Boulevard San Juan 490	Córdoba Capital	Córdoba		-31.419110272986350	-64.192687167954200	Georef	2026-06-22 16:31:38.437
687	6005	Rivadeo 1487	Córdoba Capital	Córdoba		-31.399888747086962	-64.180887057333650	Georef	2026-06-22 16:31:42.927
688	6006	Boulevard Los Granaderos 2269	Córdoba Capital	Córdoba		-31.378530427510600	-64.204049361566200	Georef	2026-06-22 16:31:45.623
689	6007	Av. Juan Bautista Alberdi 3099	Floresta	Capital Federal		-34.634119952011900	-58.471196069372100	Georef	2026-06-22 16:31:47.410
690	6008	Alvarado 620	Salta Capital	Salta		-34.721502527202160	-58.715311077489346	Georef	2026-06-22 16:31:50.440
691	6009	Balcarce 401	Salta Capital	Salta		-32.939330819476325	-60.650781535796740	Georef	2026-06-22 16:31:53.577
692	6010	Dean Funes 1791	Córdoba Capital	Córdoba		-24.767704192677527	-65.406029852514040	Georef	2026-06-22 16:31:56.610
693	6011	Av. Cólon 3060	Córdoba Capital	Córdoba		-31.402175675628104	-64.221254083483930	Georef	2026-06-22 16:31:59.330
694	6013	Viamonte 3345	Luján de Cuyo	Mendoza		-32.959808213558230	-60.673676653041450	Georef	2026-06-22 16:32:02.113
695	6014	Guardia Vieja 1235	Luján de Cuyo	Mendoza		-38.733851246048640	-62.223218893271934	Georef	2026-06-22 16:32:04.940
696	6015	San Martin 8110	Luján de Cuyo	Mendoza		-31.593497788640910	-60.691257007717550	Georef	2026-06-22 16:32:07.620
697	6017	Viamonte 4620	Luján de Cuyo	Mendoza		-32.956686115833430	-60.691009130601444	Georef	2026-06-22 16:32:10.277
698	6018	Viamonte 5366	Lujan de Cuyo	Mendoza		-34.520403626231754	-58.534361314317760	Georef	2026-06-22 16:32:13.167
699	6020	Av. Godoy Cruz 55	Mendoza	Mendoza		-32.883921137243554	-68.838413460942040	Georef	2026-06-22 16:32:23.353
700	6021	Av. Godoy Cruz 178	Mendoza	Mendoza		-32.883627634014620	-68.839992665123050	Georef	2026-06-22 16:32:25.807
701	6022	Hipolito Yrigoyen 2695, Maipú, Mendoza (Complejo Comercial Estación Torreón)	Maipu	Mendoza		-31.672311020951085	-60.764822738634720	Georef	2026-06-22 16:32:29.290
702	6023	Av. San Martin 792	Mendoza	Mendoza		-32.894202488667570	-68.840333696135620	Georef	2026-06-22 16:32:31.463
703	6024	Agustín Alvarez 37	Mendoza	Mendoza		-35.963504353950015	-62.732389829345230	Georef	2026-06-22 16:32:35.067
704	6025	Aristides Villanueva 287	Mendoza	Mendoza		-32.892297131668070	-68.854498760583170	Georef	2026-06-22 16:32:37.100
705	6026	Av. Colón 423	Mendoza	Mendoza		-32.893900741727600	-68.845991916293270	Georef	2026-06-22 16:32:39.250
707	6028	Santiago del Estero 1200	Godoy Cruz	Mendoza		-38.359277670331800	-60.278872848427700	Georef	2026-06-22 16:32:51.863
708	6029	Av. San Martin Sur 1867	Godoy Cruz	Mendoza		-32.948718345258186	-68.853725297888050	Georef (calle)	2026-06-22 16:33:03.147
710	6032	Av. Boyacá 613	Caballito	Capital Federal		-34.620309780968510	-58.461098258758590	Georef	2026-06-22 16:33:17.017
711	6035	Santa Ana 2405	Córdoba Capital	Córdoba		-34.592691507171800	-58.646385162514800	Georef	2026-06-22 16:33:20.743
713	6037	Ejército de los Andes 2222	Pablo Nogues	Buenos Aires		-34.493658688854160	-58.705420077607380	Georef	2026-06-22 16:33:43.967
770	425	Av. Brig. Gral. Juan Manuel de Rosas 2553	Villa José León Suárez	Buenos Aires	-34.53086807074073, -58.575462834514234	-34.530868070740731	-58.575462834514234	No encontrado	2026-06-22 17:45:25.780
771	431	Av. Presidente Teniente Gral J.D.Peron 3283	Buenos Aires	Buenos Aires	-34.45337398288977, -58.53831733081345	-34.453373982889772	-58.538317330813449	No encontrado	2026-06-22 17:45:32.563
772	433	Av. Ing. Eduardo Madero 1050 - Ruta 26	Buenos Aires	Buenos Aires	-34.44929326377104, -58.79706671917423	-34.449293263771040	-58.797066719174232	No encontrado	2026-06-22 17:45:40.730
773	463	Av. Teniente Gral Juan Domingo Perón 2640	Buenos Aires	Buenos Aires	-34.67336971567501, -58.406280376834765	-34.673369715675008	-58.406280376834765	No encontrado	2026-06-22 17:45:48.100
774	497	Av. Pte. J. D. Perón 25694	Merlo	Buenos Aires	-34.664152272576615, -58.727567195892604	-34.664152272576615	-58.727567195892604	No encontrado	2026-06-22 17:45:56.300
775	226	Av. Sta Fe 2349	Martínez	Provincia de Buenos Aires	-34.49248649087302, -58.49912833081144	-34.492486490873020	-58.499128330811438	No encontrado	2026-06-22 17:46:03.873
776	435	Ruta 26 162	Maquinista Savio	Buenos Aires	-34.408746880649915, -58.7715933191763	-34.408746880649915	-58.771593319176297	No encontrado	2026-06-22 17:46:11.590
777	466	29 de septiembre 1880	Lanus	Buenos Aires	-34.706318433474046, -58.38987357498059	-34.706318433474046	-58.389873574980591	No encontrado	2026-06-22 17:46:19.337
778	468	Av. Brig. Gral. Juan Manuel de Rosas 6956, B1765 Isidro Casanova, Provincia de Buenos Aires	Buenos Aires	Buenos Aires	-34.70443220989649, -58.582774561488975	-34.704432209896488	-58.582774561488975	No encontrado	2026-06-22 17:46:27.267
779	477	Dr. Enrique Simón Pérez 4566, B1629 González Catán, Provincia de Buenos Aires	Gonzalez Catan	Buenos Aires	-34.772811179797785, -58.644934346141255	-34.772811179797785	-58.644934346141255	No encontrado	2026-06-22 17:46:33.830
780	483	Av	Carlos Casares 642	B1755	Provincia de Buenos Aires	Buenos Aires		-34.767063711104470	-58.383648637887620	Georef	2026-06-22 17:46:42.497
781	485	Av, Pres. Juan Domingo Perón 23866, B1718 San Antonio de Padua, Provincia de Buenos Aires	Merlo	Buenos Aires		-34.665937636074723	-58.699050188474665	No encontrado	2026-06-22 17:46:49.597
782	495	Av	14 5072	B1880 Berazategui	Provincia de Buenos Aires	Buenos Aires		-36.552171816341920	-56.712187901119556	Georef	2026-06-22 17:46:56.453
783	499	Av	Cristianía 1832	B1765HNF Isidro Casanova	Provincia de Buenos Aires	Buenos Aires		-34.697581542848560	-58.601344438957355	Georef	2026-06-22 17:47:04.270
784	554	Coronel Martiniano Chilavert 6280	Capital Federal	Capital Federal		-34.684930194616854	-58.474709676834259	No encontrado	2026-06-22 17:47:11.747
785	594	Inclan 2502	Capital Federal	Capital Federal		-34.687919185670400	-58.549691229876800	Georef	2026-06-22 17:47:19.413
786	671	Mcal. Antonio Jose Sucre 2774	Capital Federal	Capital Federal	-34.56589467945908, -58.45849071916822	-34.565894679459078	-58.458490719168218	No encontrado	2026-06-22 17:47:26.913
787	672	Coronel Martiniano Chilavert 6901	Capital Federal	Capital Federal		-34.689172097489411	-58.479822763342142	No encontrado	2026-06-22 17:47:34.950
788	683	Av. Crámer 2463	Capital Federal	Capital Federal	-34.5610404644398, -58.46403539033239	-34.561040464439799	-58.464035390332391	No encontrado	2026-06-22 17:47:43.100
789	723	Av. Leandro N. Alem 198, C1003 Cdad. Autónoma de Buenos Aires	Capital Federal	Capital Federal		-34.498730924835450	-61.541401030175756	Georef	2026-06-22 17:47:51.073
790	726	Lisandro de la Torre 199, C1440 Cdad. Autónoma de Buenos Aires	Capital Federal	Capital Federal		-28.055762663133900	-56.024049073263800	Georef	2026-06-22 17:48:01.610
791	733	Av. Lisandro de la Torre 790, C1408 Cdad. Autónoma de Buenos Aires	Mataderos	Capital Federal		-34.647576225140090	-58.519832696707910	Georef	2026-06-22 17:48:14.097
792	747	José Antonio Cabrera 4106, C1186 Cdad. Autónoma de Buenos Aires	Palermo	Capital Federal	-34.59603602901197, -58.42440161916667	-34.596036029011970	-58.424401619166673	No encontrado	2026-06-22 17:48:25.807
793	773	Av. Pres. Manuel Quintana 570, C1129ABO Cdad. Autónoma de Buenos Aires	Recoleta	Capital Federal		-34.587813188757337	-58.390597605675168	No encontrado	2026-06-22 17:48:34.347
794	809	José A. Cabrera 3291	Capital Federal	Capital Federal		-34.596831481557030	-58.412887713323190	Georef	2026-06-22 17:48:43.653
795	815	Av. Varela 1264	Capital Federal	Capital Federal		-34.642800770788575	-58.454312073131533	No encontrado	2026-06-22 17:48:54.997
796	316	Av. Cnel.Ramon L.Falcon 2402	Capital Federal	Capital Federal		-34.630013682994957	-58.462332490328812	No encontrado	2026-06-22 17:49:07.960
797	317	Doctor Tomas Manuel de Anchorena 1253	Capital Federal	Capital Federal		-34.594650563250902	-58.406349019166733	No encontrado	2026-06-22 17:49:20.200
798	320	Mariscal Antonio Jose Sucre 2490	Capital Federal	Capital Federal		-34.564220065961514	-58.455808832660090	No encontrado	2026-06-22 17:49:31.097
799	344	Marcelo Torcuato de Alvear 2251	Capital Federal	Capital Federal		-34.596677598331944	-58.399560519166606	No encontrado	2026-06-22 17:49:42.110
800	360	Los Incas 5174	Capital Federal	Capital Federal		-34.586648929088895	-58.481436564722980	Georef	2026-06-22 17:49:53.913
801	392	Jorge Luis Borges 2463, C1425 Cdad. Autónoma de Buenos Aires	Capital Federal	Capital Federal		-34.582213428811040	-58.421186048070226	Georef	2026-06-22 17:50:06.237
802	406	Salta 1637	Capital Federal	Capital Federal		-29.167435055107088	-56.647722938503500	Georef	2026-06-22 17:50:17.960
803	6036	C. Dr. Juan Felipe Aranguren 617, C1405 Cdad. Autónoma de Buenos Aires	Caballito	Capital Federal		-34.613505205797821	-58.440578119165863	No encontrado	2026-06-22 17:50:26.690
804	280	Av. República de China 1045, X5023BAA Córdoba	Córdoba Capital	Córdoba	-31.397167185334332, -64.19897835979975	-31.397167185334332	-64.198978359799753	No encontrado	2026-06-22 17:50:37.900
805	6030	Av. Castro Barros 858	Córdoba Capital	Córdoba		-31.397208421534380	-64.199085644180300	No encontrado	2026-06-22 17:50:49.413
806	874	Caraffa, Claudio Cuenca 1784	Córdoba Capital	Córdoba		-31.387110061795969	-64.215201563505005	No encontrado	2026-06-22 17:51:01.743
807	820	Av. Castro Barros 359, X5000 Córdoba	Córdoba	Córdoba	-31.401728127645345, -64.19630100583224	-31.401728127645345	-64.196301005832240	No encontrado	2026-06-22 17:51:14.010
808	606	Obispo Trejo 1166, X5000 Córdoba	Córdoba	Córdoba	-31.42880205242013, -64.19107151747039	-31.428802052420131	-64.191071517470391	No encontrado	2026-06-22 17:51:24.950
809	875	Av. Bandera de Los Andes 9685	Guaymallén	Mendoza	-32.92370066484716, -68.73819931925054	-32.923700664847161	-68.738199319250540	No encontrado	2026-06-22 17:51:38.040
810	6027	Ozamis sur S/N	Maipú	Mendoza	-32.99860225990401, -68.79364539964735	-32.998602259904011	-68.793645399647346	No encontrado	2026-06-22 17:51:48.757
811	6019	Ruta 82 Esq. Calle Union	Luján de Cuyo	Mendoza	-33.00042051753103, -68.90830931924685	-33.000420517531033	-68.908309319246854	No encontrado	2026-06-22 17:52:00.673
812	269	Tiburcio Benegas 2306	Mendoza	Mendoza	-32.87508190696931, -68.8475807462366	-32.875081906969307	-68.847580746236602	No encontrado	2026-06-22 17:52:12.760
813	833	Av. José Vicente Zapata 42	Mendoza	Mendoza	-32.894593130925045, -68.8399851922684	-32.894593130925045	-68.839985192268401	No encontrado	2026-06-22 17:52:25.667
814	171	Av. del Bicentenario de la Batalla de Salta 702	Salta	Salta	-24.78061586429664, -65.40199086193832	-24.780615864296639	-65.401990861938316	No encontrado	2026-06-22 17:52:37.017
