method,path_suffix,full_path_examples,module_file,authentication,authorization,public_classification,tenant_scoped,sensitivity,source_line
GET,/storage-health,/api/companies/:companyId/.../storage-health | /api/... (legacy)/storage-health,absence-attachment.routes.ts,AUTHENTICATED+COMPANY_CONTEXT,REQUIRE_PERMISSION_PER_ROUTE,N/A,YES,HIGH,17
GET,/:id/attachments,/api/companies/:companyId/.../:id/attachments | /api/... (legacy)/:id/attachments,absence-attachment.routes.ts,AUTHENTICATED+COMPANY_CONTEXT,REQUIRE_PERMISSION_PER_ROUTE,N/A,YES,HIGH,23
POST,/:id/attachments,/api/companies/:companyId/.../:id/attachments | /api/... (legacy)/:id/attachments,absence-attachment.routes.ts,AUTHENTICATED+COMPANY_CONTEXT,REQUIRE_PERMISSION_PER_ROUTE,N/A,YES,HIGH,30
GET,/:id/attachments/:attachmentId/content,/api/companies/:companyId/.../:id/attachments/:attachmentId/content | /api/... (legacy)/:id/attachments/:attachmentId/content,absence-attachment.routes.ts,AUTHENTICATED+COMPANY_CONTEXT,REQUIRE_PERMISSION_PER_ROUTE,N/A,YES,HIGH,38
DELETE,/:id/attachments/:attachmentId,/api/companies/:companyId/.../:id/attachments/:attachmentId | /api/... (legacy)/:id/attachments/:attachmentId,absence-attachment.routes.ts,AUTHENTICATED+COMPANY_CONTEXT,REQUIRE_PERMISSION_PER_ROUTE,N/A,YES,HIGH,45
GET,/,/api/companies/:companyId/.../ | /api/... (legacy)/,absence-calendar.routes.ts,AUTHENTICATED+COMPANY_CONTEXT,REQUIRE_PERMISSION_PER_ROUTE,N/A,YES,HIGH,19
GET,/default,/api/companies/:companyId/.../default | /api/... (legacy)/default,absence-calendar.routes.ts,AUTHENTICATED+COMPANY_CONTEXT,REQUIRE_PERMISSION_PER_ROUTE,N/A,YES,HIGH,25
POST,/,/api/companies/:companyId/.../ | /api/... (legacy)/,absence-calendar.routes.ts,AUTHENTICATED+COMPANY_CONTEXT,REQUIRE_PERMISSION_PER_ROUTE,N/A,YES,HIGH,31
POST,/bootstrap-default,/api/companies/:companyId/.../bootstrap-default | /api/... (legacy)/bootstrap-default,absence-calendar.routes.ts,AUTHENTICATED+COMPANY_CONTEXT,REQUIRE_PERMISSION_PER_ROUTE,N/A,YES,HIGH,38
PATCH,/:calendarId,/api/companies/:companyId/.../:calendarId | /api/... (legacy)/:calendarId,absence-calendar.routes.ts,AUTHENTICATED+COMPANY_CONTEXT,REQUIRE_PERMISSION_PER_ROUTE,N/A,YES,HIGH,44
GET,/:calendarId/dates,/api/companies/:companyId/.../:calendarId/dates | /api/... (legacy)/:calendarId/dates,absence-calendar.routes.ts,AUTHENTICATED+COMPANY_CONTEXT,REQUIRE_PERMISSION_PER_ROUTE,N/A,YES,HIGH,52
POST,/dates,/api/companies/:companyId/.../dates | /api/... (legacy)/dates,absence-calendar.routes.ts,AUTHENTICATED+COMPANY_CONTEXT,REQUIRE_PERMISSION_PER_ROUTE,N/A,YES,HIGH,60
PATCH,/dates/:dateId,/api/companies/:companyId/.../dates/:dateId | /api/... (legacy)/dates/:dateId,absence-calendar.routes.ts,AUTHENTICATED+COMPANY_CONTEXT,REQUIRE_PERMISSION_PER_ROUTE,N/A,YES,HIGH,67
POST,/calculate,/api/companies/:companyId/.../calculate | /api/... (legacy)/calculate,absence-calendar.routes.ts,AUTHENTICATED+COMPANY_CONTEXT,REQUIRE_PERMISSION_PER_ROUTE,N/A,YES,HIGH,77
POST,/,/api/companies/:companyId/.../ | /api/... (legacy)/,absence-request-draft.routes.ts,AUTHENTICATED+COMPANY_CONTEXT,REQUIRE_PERMISSION_PER_ROUTE,N/A,YES,HIGH,33
GET,/:draftId,/api/companies/:companyId/.../:draftId | /api/... (legacy)/:draftId,absence-request-draft.routes.ts,AUTHENTICATED+COMPANY_CONTEXT,REQUIRE_PERMISSION_PER_ROUTE,N/A,YES,HIGH,48
POST,/:draftId/submit,/api/companies/:companyId/.../:draftId/submit | /api/... (legacy)/:draftId/submit,absence-request-draft.routes.ts,AUTHENTICATED+COMPANY_CONTEXT,REQUIRE_PERMISSION_PER_ROUTE,N/A,YES,HIGH,62
POST,/:draftId/attachments,/api/companies/:companyId/.../:draftId/attachments | /api/... (legacy)/:draftId/attachments,absence-request-draft.routes.ts,AUTHENTICATED+COMPANY_CONTEXT,REQUIRE_PERMISSION_PER_ROUTE,N/A,YES,HIGH,79
GET,/,/api/companies/:companyId/.../ | /api/... (legacy)/,absence-request.routes.ts,AUTHENTICATED+COMPANY_CONTEXT,REQUIRE_PERMISSION_PER_ROUTE,N/A,YES,HIGH,20
POST,/,/api/companies/:companyId/.../ | /api/... (legacy)/,absence-request.routes.ts,AUTHENTICATED+COMPANY_CONTEXT,REQUIRE_PERMISSION_PER_ROUTE,N/A,YES,HIGH,27
GET,/:id/operational-impact,/api/companies/:companyId/.../:id/operational-impact | /api/... (legacy)/:id/operational-impact,absence-request.routes.ts,AUTHENTICATED+COMPANY_CONTEXT,REQUIRE_PERMISSION_PER_ROUTE,N/A,YES,HIGH,34
GET,/:id/operational-conflicts,/api/companies/:companyId/.../:id/operational-conflicts | /api/... (legacy)/:id/operational-conflicts,absence-request.routes.ts,AUTHENTICATED+COMPANY_CONTEXT,REQUIRE_PERMISSION_PER_ROUTE,N/A,YES,HIGH,41
POST,/:id/operational-conflicts/:conflictId/resolve,/api/companies/:companyId/.../:id/operational-conflicts/:conflictId/resolve | /api/... (legacy)/:id/operational-conflicts/:conflictId/resolve,absence-request.routes.ts,AUTHENTICATED+COMPANY_CONTEXT,REQUIRE_PERMISSION_PER_ROUTE,N/A,YES,HIGH,48
POST,/:id/reconcile-operational-impact,/api/companies/:companyId/.../:id/reconcile-operational-impact | /api/... (legacy)/:id/reconcile-operational-impact,absence-request.routes.ts,AUTHENTICATED+COMPANY_CONTEXT,REQUIRE_PERMISSION_PER_ROUTE,N/A,YES,HIGH,56
GET,/:id,/api/companies/:companyId/.../:id | /api/... (legacy)/:id,absence-request.routes.ts,AUTHENTICATED+COMPANY_CONTEXT,REQUIRE_PERMISSION_PER_ROUTE,N/A,YES,HIGH,64
PATCH,/:id,/api/companies/:companyId/.../:id | /api/... (legacy)/:id,absence-request.routes.ts,AUTHENTICATED+COMPANY_CONTEXT,REQUIRE_PERMISSION_PER_ROUTE,N/A,YES,HIGH,71
PATCH,/:id/resubmit,/api/companies/:companyId/.../:id/resubmit | /api/... (legacy)/:id/resubmit,absence-request.routes.ts,AUTHENTICATED+COMPANY_CONTEXT,REQUIRE_PERMISSION_PER_ROUTE,N/A,YES,HIGH,79
PATCH,/:id/approve,/api/companies/:companyId/.../:id/approve | /api/... (legacy)/:id/approve,absence-request.routes.ts,AUTHENTICATED+COMPANY_CONTEXT,REQUIRE_PERMISSION_PER_ROUTE,N/A,YES,HIGH,86
PATCH,/:id/reject,/api/companies/:companyId/.../:id/reject | /api/... (legacy)/:id/reject,absence-request.routes.ts,AUTHENTICATED+COMPANY_CONTEXT,REQUIRE_PERMISSION_PER_ROUTE,N/A,YES,HIGH,93
PATCH,/:id/needs-info,/api/companies/:companyId/.../:id/needs-info | /api/... (legacy)/:id/needs-info,absence-request.routes.ts,AUTHENTICATED+COMPANY_CONTEXT,REQUIRE_PERMISSION_PER_ROUTE,N/A,YES,HIGH,101
PATCH,/:id/cancel,/api/companies/:companyId/.../:id/cancel | /api/... (legacy)/:id/cancel,absence-request.routes.ts,AUTHENTICATED+COMPANY_CONTEXT,REQUIRE_PERMISSION_PER_ROUTE,N/A,YES,HIGH,109
GET,/,/api/companies/:companyId/.../ | /api/... (legacy)/,absence-type.routes.ts,AUTHENTICATED+COMPANY_CONTEXT,REQUIRE_PERMISSION_PER_ROUTE,N/A,YES,HIGH,15
PATCH,/:id,/api/companies/:companyId/.../:id | /api/... (legacy)/:id,absence-type.routes.ts,AUTHENTICATED+COMPANY_CONTEXT,REQUIRE_PERMISSION_PER_ROUTE,N/A,YES,HIGH,22
POST,/,/api/companies/:companyId/.../ | /api/... (legacy)/,attendance.routes.ts,AUTHENTICATED+COMPANY_CONTEXT,REQUIRE_PERMISSION_PER_ROUTE,N/A,YES,HIGH,20
POST,/manual/preview,/api/companies/:companyId/.../manual/preview | /api/... (legacy)/manual/preview,attendance.routes.ts,AUTHENTICATED+COMPANY_CONTEXT,REQUIRE_PERMISSION_PER_ROUTE,N/A,YES,HIGH,26
POST,/manual,/api/companies/:companyId/.../manual | /api/... (legacy)/manual,attendance.routes.ts,AUTHENTICATED+COMPANY_CONTEXT,REQUIRE_PERMISSION_PER_ROUTE,N/A,YES,HIGH,32
PATCH,/:id/manual,/api/companies/:companyId/.../:id/manual | /api/... (legacy)/:id/manual,attendance.routes.ts,AUTHENTICATED+COMPANY_CONTEXT,REQUIRE_PERMISSION_PER_ROUTE,N/A,YES,HIGH,38
GET,/,/api/companies/:companyId/.../ | /api/... (legacy)/,attendance.routes.ts,AUTHENTICATED+COMPANY_CONTEXT,REQUIRE_PERMISSION_PER_ROUTE,N/A,YES,HIGH,45
GET,/export.csv,/api/companies/:companyId/.../export.csv | /api/... (legacy)/export.csv,attendance.routes.ts,AUTHENTICATED+COMPANY_CONTEXT,REQUIRE_PERMISSION_PER_ROUTE,N/A,YES,HIGH,51
PATCH,/:id/review,/api/companies/:companyId/.../:id/review | /api/... (legacy)/:id/review,attendance.routes.ts,AUTHENTICATED+COMPANY_CONTEXT,REQUIRE_PERMISSION_PER_ROUTE,N/A,YES,HIGH,57
GET,/:id/reviews,/api/companies/:companyId/.../:id/reviews | /api/... (legacy)/:id/reviews,attendance.routes.ts,AUTHENTICATED+COMPANY_CONTEXT,REQUIRE_PERMISSION_PER_ROUTE,N/A,YES,HIGH,64
GET,/:id/audit-logs,/api/companies/:companyId/.../:id/audit-logs | /api/... (legacy)/:id/audit-logs,attendance.routes.ts,AUTHENTICATED+COMPANY_CONTEXT,REQUIRE_PERMISSION_PER_ROUTE,N/A,YES,HIGH,71
GET,/:id,/api/companies/:companyId/.../:id | /api/... (legacy)/:id,attendance.routes.ts,AUTHENTICATED+COMPANY_CONTEXT,REQUIRE_PERMISSION_PER_ROUTE,N/A,YES,HIGH,78
POST,/login,/api/auth/login,auth.routes.ts,NONE,UNKNOWN,INTENTIONALLY_PUBLIC,NO,HIGH,28
POST,/login/2fa,/api/auth/login/2fa,auth.routes.ts,NONE,UNKNOWN,INTENTIONALLY_PUBLIC,NO,HIGH,39
POST,/forgot-password,/api/auth/forgot-password,auth.routes.ts,NONE,UNKNOWN,INTENTIONALLY_PUBLIC,NO,HIGH,56
POST,/reset-password,/api/auth/reset-password,auth.routes.ts,NONE,UNKNOWN,INTENTIONALLY_PUBLIC,NO,HIGH,77
GET,/me,/api/auth/me,auth.routes.ts,AUTHENTICATED,UNKNOWN,N/A,PARTIAL,HIGH,88
GET,/2fa/status,/api/auth/2fa/status,auth.routes.ts,AUTHENTICATED,UNKNOWN,N/A,PARTIAL,HIGH,90
POST,/2fa/setup,/api/auth/2fa/setup,auth.routes.ts,AUTHENTICATED,UNKNOWN,N/A,PARTIAL,HIGH,91
POST,/2fa/confirm,/api/auth/2fa/confirm,auth.routes.ts,AUTHENTICATED,UNKNOWN,N/A,PARTIAL,HIGH,92
POST,/2fa/disable,/api/auth/2fa/disable,auth.routes.ts,AUTHENTICATED,UNKNOWN,N/A,PARTIAL,HIGH,103
POST,/2fa/recovery-codes/regenerate,/api/auth/2fa/recovery-codes/regenerate,auth.routes.ts,AUTHENTICATED,UNKNOWN,N/A,PARTIAL,HIGH,114
POST,/2fa/reconfigure/setup,/api/auth/2fa/reconfigure/setup,auth.routes.ts,AUTHENTICATED,UNKNOWN,N/A,PARTIAL,HIGH,125
POST,/2fa/reconfigure/confirm,/api/auth/2fa/reconfigure/confirm,auth.routes.ts,AUTHENTICATED,UNKNOWN,N/A,PARTIAL,HIGH,136
DELETE,/2fa/reconfigure,/api/auth/2fa/reconfigure,auth.routes.ts,AUTHENTICATED,UNKNOWN,N/A,PARTIAL,HIGH,147
POST,/session,/api/companies/:companyId/.../session | /api/... (legacy)/session,bot-simulator.routes.ts,AUTHENTICATED+COMPANY_CONTEXT,REQUIRE_PERMISSION_PER_ROUTE,N/A,YES,MEDIUM,9
GET,/session/:id,/api/companies/:companyId/.../session/:id | /api/... (legacy)/session/:id,bot-simulator.routes.ts,AUTHENTICATED+COMPANY_CONTEXT,REQUIRE_PERMISSION_PER_ROUTE,N/A,YES,MEDIUM,10
POST,/session/:id/restart,/api/companies/:companyId/.../session/:id/restart | /api/... (legacy)/session/:id/restart,bot-simulator.routes.ts,AUTHENTICATED+COMPANY_CONTEXT,REQUIRE_PERMISSION_PER_ROUTE,N/A,YES,MEDIUM,11
GET,/session/:id/location-presets,/api/companies/:companyId/.../session/:id/location-presets | /api/... (legacy)/session/:id/location-presets,bot-simulator.routes.ts,AUTHENTICATED+COMPANY_CONTEXT,REQUIRE_PERMISSION_PER_ROUTE,N/A,YES,MEDIUM,12
POST,/message,/api/companies/:companyId/.../message | /api/... (legacy)/message,bot-simulator.routes.ts,AUTHENTICATED+COMPANY_CONTEXT,REQUIRE_PERMISSION_PER_ROUTE,N/A,YES,MEDIUM,16
POST,/location,/api/companies/:companyId/.../location | /api/... (legacy)/location,bot-simulator.routes.ts,AUTHENTICATED+COMPANY_CONTEXT,REQUIRE_PERMISSION_PER_ROUTE,N/A,YES,MEDIUM,17
GET,/,/api/companies/:companyId/.../ | /api/... (legacy)/,company-user.routes.ts,AUTHENTICATED+COMPANY_CONTEXT,REQUIRE_PERMISSION_PER_ROUTE,N/A,YES,MEDIUM,15
POST,/,/api/companies/:companyId/.../ | /api/... (legacy)/,company-user.routes.ts,AUTHENTICATED+COMPANY_CONTEXT,REQUIRE_PERMISSION_PER_ROUTE,N/A,YES,MEDIUM,22
GET,/:userId,/api/companies/:companyId/.../:userId | /api/... (legacy)/:userId,company-user.routes.ts,AUTHENTICATED+COMPANY_CONTEXT,REQUIRE_PERMISSION_PER_ROUTE,N/A,YES,MEDIUM,29
PATCH,/:userId,/api/companies/:companyId/.../:userId | /api/... (legacy)/:userId,company-user.routes.ts,AUTHENTICATED+COMPANY_CONTEXT,REQUIRE_PERMISSION_PER_ROUTE,N/A,YES,MEDIUM,36
PATCH,/:userId/deactivate,/api/companies/:companyId/.../:userId/deactivate | /api/... (legacy)/:userId/deactivate,company-user.routes.ts,AUTHENTICATED+COMPANY_CONTEXT,REQUIRE_PERMISSION_PER_ROUTE,N/A,YES,MEDIUM,44
GET,/,/api/companies/,company.routes.ts,AUTHENTICATED,UNKNOWN,N/A,PARTIAL,MEDIUM,45
GET,/:companyId/me,/api/companies/:companyId/me,company.routes.ts,AUTHENTICATED,UNKNOWN,N/A,PARTIAL,MEDIUM,47
GET,/:companyId/roles/:role/capabilities,/api/companies/:companyId/roles/:role/capabilities,company.routes.ts,AUTHENTICATED,UNKNOWN,N/A,PARTIAL,MEDIUM,54
GET,/:companyId/settings,/api/companies/:companyId/settings,company.routes.ts,AUTHENTICATED,UNKNOWN,N/A,PARTIAL,MEDIUM,62
PATCH,/:companyId/settings,/api/companies/:companyId/settings,company.routes.ts,AUTHENTICATED,UNKNOWN,N/A,PARTIAL,MEDIUM,70
PUT,/:companyId/settings/admin-alert-delivery-mode,/api/companies/:companyId/settings/admin-alert-delivery-mode,company.routes.ts,AUTHENTICATED,UNKNOWN,N/A,PARTIAL,MEDIUM,79
GET,/:companyId/settings/work-schedule,/api/companies/:companyId/settings/work-schedule,company.routes.ts,AUTHENTICATED,UNKNOWN,N/A,PARTIAL,MEDIUM,88
PUT,/:companyId/settings/work-schedule,/api/companies/:companyId/settings/work-schedule,company.routes.ts,AUTHENTICATED,UNKNOWN,N/A,PARTIAL,MEDIUM,96
GET,/:companyId/settings/absences,/api/companies/:companyId/settings/absences,company.routes.ts,AUTHENTICATED,UNKNOWN,N/A,PARTIAL,MEDIUM,105
PATCH,/:companyId/settings/absences,/api/companies/:companyId/settings/absences,company.routes.ts,AUTHENTICATED,UNKNOWN,N/A,PARTIAL,MEDIUM,113
GET,/:companyId/settings/whatsapp-quotas,/api/companies/:companyId/settings/whatsapp-quotas,company.routes.ts,AUTHENTICATED,UNKNOWN,N/A,PARTIAL,MEDIUM,122
PATCH,/:companyId/settings/whatsapp-quotas,/api/companies/:companyId/settings/whatsapp-quotas,company.routes.ts,AUTHENTICATED,UNKNOWN,N/A,PARTIAL,MEDIUM,130
GET,/:companyId/settings/location-types,/api/companies/:companyId/settings/location-types,company.routes.ts,AUTHENTICATED,UNKNOWN,N/A,PARTIAL,MEDIUM,139
POST,/:companyId/settings/location-types,/api/companies/:companyId/settings/location-types,company.routes.ts,AUTHENTICATED,UNKNOWN,N/A,PARTIAL,MEDIUM,148
PATCH,/:companyId/settings/location-types/:locationTypeId,/api/companies/:companyId/settings/location-types/:locationTypeId,company.routes.ts,AUTHENTICATED,UNKNOWN,N/A,PARTIAL,MEDIUM,157
DELETE,/:companyId/settings/location-types/:locationTypeId,/api/companies/:companyId/settings/location-types/:locationTypeId,company.routes.ts,AUTHENTICATED,UNKNOWN,N/A,PARTIAL,MEDIUM,166
GET,/:companyId/modules,/api/companies/:companyId/modules,company.routes.ts,AUTHENTICATED,UNKNOWN,N/A,PARTIAL,MEDIUM,174
PATCH,/:companyId/modules,/api/companies/:companyId/modules,company.routes.ts,AUTHENTICATED,UNKNOWN,N/A,PARTIAL,MEDIUM,182
GET,/:companyId/company-alert-recipients,/api/companies/:companyId/company-alert-recipients,company.routes.ts,AUTHENTICATED,UNKNOWN,N/A,PARTIAL,MEDIUM,191
POST,/:companyId/company-alert-recipients,/api/companies/:companyId/company-alert-recipients,company.routes.ts,AUTHENTICATED,UNKNOWN,N/A,PARTIAL,MEDIUM,199
PATCH,/:companyId/company-alert-recipients/:recipientId,/api/companies/:companyId/company-alert-recipients/:recipientId,company.routes.ts,AUTHENTICATED,UNKNOWN,N/A,PARTIAL,MEDIUM,208
DELETE,/:companyId/company-alert-recipients/:recipientId,/api/companies/:companyId/company-alert-recipients/:recipientId,company.routes.ts,AUTHENTICATED,UNKNOWN,N/A,PARTIAL,MEDIUM,217
GET,/:companyId/company-report-email-recipients,/api/companies/:companyId/company-report-email-recipients,company.routes.ts,AUTHENTICATED,UNKNOWN,N/A,PARTIAL,MEDIUM,225
POST,/:companyId/company-report-email-recipients,/api/companies/:companyId/company-report-email-recipients,company.routes.ts,AUTHENTICATED,UNKNOWN,N/A,PARTIAL,MEDIUM,233
PATCH,/:companyId/company-report-email-recipients/:recipientId,/api/companies/:companyId/company-report-email-recipients/:recipientId,company.routes.ts,AUTHENTICATED,UNKNOWN,N/A,PARTIAL,MEDIUM,242
DELETE,/:companyId/company-report-email-recipients/:recipientId,/api/companies/:companyId/company-report-email-recipients/:recipientId,company.routes.ts,AUTHENTICATED,UNKNOWN,N/A,PARTIAL,MEDIUM,251
POST,/:companyId/daily-attendance-reports/trigger,/api/companies/:companyId/daily-attendance-reports/trigger,company.routes.ts,AUTHENTICATED,UNKNOWN,N/A,PARTIAL,MEDIUM,259
POST,/run,/api/companies/:companyId/.../run | /api/... (legacy)/run,dev-reminder.routes.ts,AUTHENTICATED+COMPANY_CONTEXT,REQUIRE_PERMISSION_PER_ROUTE,N/A,YES,MEDIUM,31
POST,/run-job-once,/api/companies/:companyId/.../run-job-once | /api/... (legacy)/run-job-once,dev-reminder.routes.ts,AUTHENTICATED+COMPANY_CONTEXT,REQUIRE_PERMISSION_PER_ROUTE,N/A,YES,MEDIUM,41
POST,/test,/api/companies/:companyId/.../test | /api/... (legacy)/test,dev-reminder.routes.ts,AUTHENTICATED+COMPANY_CONTEXT,REQUIRE_PERMISSION_PER_ROUTE,N/A,YES,MEDIUM,50
GET,/,/api/companies/:companyId/.../ | /api/... (legacy)/,employee-category.routes.ts,AUTHENTICATED+COMPANY_CONTEXT,REQUIRE_PERMISSION_PER_ROUTE,N/A,YES,MEDIUM,15
POST,/,/api/companies/:companyId/.../ | /api/... (legacy)/,employee-category.routes.ts,AUTHENTICATED+COMPANY_CONTEXT,REQUIRE_PERMISSION_PER_ROUTE,N/A,YES,MEDIUM,22
PATCH,/:categoryId,/api/companies/:companyId/.../:categoryId | /api/... (legacy)/:categoryId,employee-category.routes.ts,AUTHENTICATED+COMPANY_CONTEXT,REQUIRE_PERMISSION_PER_ROUTE,N/A,YES,MEDIUM,29
POST,/,/api/companies/:companyId/.../ | /api/... (legacy)/,employee.routes.ts,AUTHENTICATED+COMPANY_CONTEXT,REQUIRE_PERMISSION_PER_ROUTE,N/A,YES,MEDIUM,28
GET,/,/api/companies/:companyId/.../ | /api/... (legacy)/,employee.routes.ts,AUTHENTICATED+COMPANY_CONTEXT,REQUIRE_PERMISSION_PER_ROUTE,N/A,YES,MEDIUM,34
GET,/:employeeId/absence-balances,/api/companies/:companyId/.../:employeeId/absence-balances | /api/... (legacy)/:employeeId/absence-balances,employee.routes.ts,AUTHENTICATED+COMPANY_CONTEXT,REQUIRE_PERMISSION_PER_ROUTE,N/A,YES,MEDIUM,40
PUT,/:employeeId/absence-balances/:absenceTypeId,/api/companies/:companyId/.../:employeeId/absence-balances/:absenceTypeId | /api/... (legacy)/:employeeId/absence-balances/:absenceTypeId,employee.routes.ts,AUTHENTICATED+COMPANY_CONTEXT,REQUIRE_PERMISSION_PER_ROUTE,N/A,YES,MEDIUM,47
GET,/:employeeId/absence-balances/:absenceTypeId/movements,/api/companies/:companyId/.../:employeeId/absence-balances/:absenceTypeId/movements | /api/... (legacy)/:employeeId/absence-balances/:absenceTypeId/movements,employee.routes.ts,AUTHENTICATED+COMPANY_CONTEXT,REQUIRE_PERMISSION_PER_ROUTE,N/A,YES,MEDIUM,54
POST,/:employeeId/absence-balances/:absenceTypeId/adjustments,/api/companies/:companyId/.../:employeeId/absence-balances/:absenceTypeId/adjustments | /api/... (legacy)/:employeeId/absence-balances/:absenceTypeId/adjustments,employee.routes.ts,AUTHENTICATED+COMPANY_CONTEXT,REQUIRE_PERMISSION_PER_ROUTE,N/A,YES,MEDIUM,61
POST,/:employeeId/absence-balances/:absenceTypeId/movements/:movementId/reversal,/api/companies/:companyId/.../:employeeId/absence-balances/:absenceTypeId/movements/:movementId/reversal | /api/... (legacy)/:employeeId/absence-balances/:absenceTypeId/movements/:movementId/reversal,employee.routes.ts,AUTHENTICATED+COMPANY_CONTEXT,REQUIRE_PERMISSION_PER_ROUTE,N/A,YES,MEDIUM,68
GET,/:id/deactivation-impact,/api/companies/:companyId/.../:id/deactivation-impact | /api/... (legacy)/:id/deactivation-impact,employee.routes.ts,AUTHENTICATED+COMPANY_CONTEXT,REQUIRE_PERMISSION_PER_ROUTE,N/A,YES,MEDIUM,75
GET,/:id/operational-availability,/api/companies/:companyId/.../:id/operational-availability | /api/... (legacy)/:id/operational-availability,employee.routes.ts,AUTHENTICATED+COMPANY_CONTEXT,REQUIRE_PERMISSION_PER_ROUTE,N/A,YES,MEDIUM,81
GET,/:id/operations,/api/companies/:companyId/.../:id/operations | /api/... (legacy)/:id/operations,employee.routes.ts,AUTHENTICATED+COMPANY_CONTEXT,REQUIRE_PERMISSION_PER_ROUTE,N/A,YES,MEDIUM,87
POST,/:id/deactivate,/api/companies/:companyId/.../:id/deactivate | /api/... (legacy)/:id/deactivate,employee.routes.ts,AUTHENTICATED+COMPANY_CONTEXT,REQUIRE_PERMISSION_PER_ROUTE,N/A,YES,MEDIUM,95
GET,/:id,/api/companies/:companyId/.../:id | /api/... (legacy)/:id,employee.routes.ts,AUTHENTICATED+COMPANY_CONTEXT,REQUIRE_PERMISSION_PER_ROUTE,N/A,YES,MEDIUM,102
PUT,/:id,/api/companies/:companyId/.../:id | /api/... (legacy)/:id,employee.routes.ts,AUTHENTICATED+COMPANY_CONTEXT,REQUIRE_PERMISSION_PER_ROUTE,N/A,YES,MEDIUM,108
DELETE,/:id,/api/companies/:companyId/.../:id | /api/... (legacy)/:id,employee.routes.ts,AUTHENTICATED+COMPANY_CONTEXT,REQUIRE_PERMISSION_PER_ROUTE,N/A,YES,MEDIUM,115
GET,/health,/api/health,health.routes.ts,NONE,UNKNOWN,INTENTIONALLY_PUBLIC,NO,MEDIUM,6
GET,/health/database,/api/health/database,health.routes.ts,NONE,UNKNOWN,INTENTIONALLY_PUBLIC,NO,MEDIUM,7
GET,/health/ready,/api/health/ready,health.routes.ts,NONE,UNKNOWN,INTENTIONALLY_PUBLIC,NO,MEDIUM,8
GET,/ready,/api/ready,health.routes.ts,NONE,UNKNOWN,INTENTIONALLY_PUBLIC,NO,MEDIUM,9
GET,/:entityType/template,/api/companies/:companyId/.../:entityType/template | /api/... (legacy)/:entityType/template,import.routes.ts,AUTHENTICATED+COMPANY_CONTEXT,REQUIRE_PERMISSION_PER_ROUTE,N/A,YES,HIGH,46
POST,/:entityType/preview,/api/companies/:companyId/.../:entityType/preview | /api/... (legacy)/:entityType/preview,import.routes.ts,AUTHENTICATED+COMPANY_CONTEXT,REQUIRE_PERMISSION_PER_ROUTE,N/A,YES,HIGH,53
POST,/:entityType/execute,/api/companies/:companyId/.../:entityType/execute | /api/... (legacy)/:entityType/execute,import.routes.ts,AUTHENTICATED+COMPANY_CONTEXT,REQUIRE_PERMISSION_PER_ROUTE,N/A,YES,HIGH,61
GET,/,/api/companies/:companyId/.../ | /api/... (legacy)/,location-zone.routes.ts,AUTHENTICATED+COMPANY_CONTEXT,REQUIRE_PERMISSION_PER_ROUTE,N/A,YES,MEDIUM,17
GET,/search,/api/companies/:companyId/.../search | /api/... (legacy)/search,location-zone.routes.ts,AUTHENTICATED+COMPANY_CONTEXT,REQUIRE_PERMISSION_PER_ROUTE,N/A,YES,MEDIUM,24
GET,/geocoding-summary,/api/companies/:companyId/.../geocoding-summary | /api/... (legacy)/geocoding-summary,location-zone.routes.ts,AUTHENTICATED+COMPANY_CONTEXT,REQUIRE_PERMISSION_PER_ROUTE,N/A,YES,MEDIUM,31
POST,/,/api/companies/:companyId/.../ | /api/... (legacy)/,location-zone.routes.ts,AUTHENTICATED+COMPANY_CONTEXT,REQUIRE_PERMISSION_PER_ROUTE,N/A,YES,MEDIUM,37
PATCH,/:zoneId,/api/companies/:companyId/.../:zoneId | /api/... (legacy)/:zoneId,location-zone.routes.ts,AUTHENTICATED+COMPANY_CONTEXT,REQUIRE_PERMISSION_PER_ROUTE,N/A,YES,MEDIUM,44
POST,/:zoneId/geocode,/api/companies/:companyId/.../:zoneId/geocode | /api/... (legacy)/:zoneId/geocode,location-zone.routes.ts,AUTHENTICATED+COMPANY_CONTEXT,REQUIRE_PERMISSION_PER_ROUTE,N/A,YES,MEDIUM,52
GET,/employees,/api/companies/:companyId/.../employees | /api/... (legacy)/employees,lookup.routes.ts,AUTHENTICATED+COMPANY_CONTEXT,REQUIRE_PERMISSION_PER_ROUTE,N/A,YES,MEDIUM,31
GET,/workers,/api/companies/:companyId/.../workers | /api/... (legacy)/workers,lookup.routes.ts,AUTHENTICATED+COMPANY_CONTEXT,REQUIRE_PERMISSION_PER_ROUTE,N/A,YES,MEDIUM,43
GET,/services,/api/companies/:companyId/.../services | /api/... (legacy)/services,lookup.routes.ts,AUTHENTICATED+COMPANY_CONTEXT,REQUIRE_PERMISSION_PER_ROUTE,N/A,YES,MEDIUM,55
GET,/operations,/api/companies/:companyId/.../operations | /api/... (legacy)/operations,lookup.routes.ts,AUTHENTICATED+COMPANY_CONTEXT,REQUIRE_PERMISSION_PER_ROUTE,N/A,YES,MEDIUM,66
POST,/batch,/api/companies/:companyId/.../batch | /api/... (legacy)/batch,operation-assignment.routes.ts,AUTHENTICATED+COMPANY_CONTEXT,REQUIRE_PERMISSION_PER_ROUTE,N/A,YES,MEDIUM,16
POST,/,/api/companies/:companyId/.../ | /api/... (legacy)/,operation-assignment.routes.ts,AUTHENTICATED+COMPANY_CONTEXT,REQUIRE_PERMISSION_PER_ROUTE,N/A,YES,MEDIUM,23
GET,/,/api/companies/:companyId/.../ | /api/... (legacy)/,operation-assignment.routes.ts,AUTHENTICATED+COMPANY_CONTEXT,REQUIRE_PERMISSION_PER_ROUTE,N/A,YES,MEDIUM,30
POST,/:assignmentId/cancel,/api/companies/:companyId/.../:assignmentId/cancel | /api/... (legacy)/:assignmentId/cancel,operation-assignment.routes.ts,AUTHENTICATED+COMPANY_CONTEXT,REQUIRE_PERMISSION_PER_ROUTE,N/A,YES,MEDIUM,36
POST,/:assignmentId/end,/api/companies/:companyId/.../:assignmentId/end | /api/... (legacy)/:assignmentId/end,operation-assignment.routes.ts,AUTHENTICATED+COMPANY_CONTEXT,REQUIRE_PERMISSION_PER_ROUTE,N/A,YES,MEDIUM,42
DELETE,/:assignmentId,/api/companies/:companyId/.../:assignmentId | /api/... (legacy)/:assignmentId,operation-assignment.routes.ts,AUTHENTICATED+COMPANY_CONTEXT,REQUIRE_PERMISSION_PER_ROUTE,N/A,YES,MEDIUM,49
GET,/,/api/companies/:companyId/.../ | /api/... (legacy)/,operation-shift.routes.ts,AUTHENTICATED+COMPANY_CONTEXT,REQUIRE_PERMISSION_PER_ROUTE,N/A,YES,MEDIUM,27
POST,/,/api/companies/:companyId/.../ | /api/... (legacy)/,operation-shift.routes.ts,AUTHENTICATED+COMPANY_CONTEXT,REQUIRE_PERMISSION_PER_ROUTE,N/A,YES,MEDIUM,33
PATCH,/:templateId,/api/companies/:companyId/.../:templateId | /api/... (legacy)/:templateId,operation-shift.routes.ts,AUTHENTICATED+COMPANY_CONTEXT,REQUIRE_PERMISSION_PER_ROUTE,N/A,YES,MEDIUM,39
DELETE,/:templateId,/api/companies/:companyId/.../:templateId | /api/... (legacy)/:templateId,operation-shift.routes.ts,AUTHENTICATED+COMPANY_CONTEXT,REQUIRE_PERMISSION_PER_ROUTE,N/A,YES,MEDIUM,46
GET,/,/api/companies/:companyId/.../ | /api/... (legacy)/,operation-shift.routes.ts,AUTHENTICATED+COMPANY_CONTEXT,REQUIRE_PERMISSION_PER_ROUTE,N/A,YES,MEDIUM,55
POST,/,/api/companies/:companyId/.../ | /api/... (legacy)/,operation-shift.routes.ts,AUTHENTICATED+COMPANY_CONTEXT,REQUIRE_PERMISSION_PER_ROUTE,N/A,YES,MEDIUM,62
PATCH,/:shiftId,/api/companies/:companyId/.../:shiftId | /api/... (legacy)/:shiftId,operation-shift.routes.ts,AUTHENTICATED+COMPANY_CONTEXT,REQUIRE_PERMISSION_PER_ROUTE,N/A,YES,MEDIUM,69
DELETE,/:shiftId,/api/companies/:companyId/.../:shiftId | /api/... (legacy)/:shiftId,operation-shift.routes.ts,AUTHENTICATED+COMPANY_CONTEXT,REQUIRE_PERMISSION_PER_ROUTE,N/A,YES,MEDIUM,76
POST,/:shiftId/versions,/api/companies/:companyId/.../:shiftId/versions | /api/... (legacy)/:shiftId/versions,operation-shift.routes.ts,AUTHENTICATED+COMPANY_CONTEXT,REQUIRE_PERMISSION_PER_ROUTE,N/A,YES,MEDIUM,82
POST,/:shiftId/exceptions,/api/companies/:companyId/.../:shiftId/exceptions | /api/... (legacy)/:shiftId/exceptions,operation-shift.routes.ts,AUTHENTICATED+COMPANY_CONTEXT,REQUIRE_PERMISSION_PER_ROUTE,N/A,YES,MEDIUM,89
POST,/multi-shift,/api/companies/:companyId/.../multi-shift | /api/... (legacy)/multi-shift,operation-shift.routes.ts,AUTHENTICATED+COMPANY_CONTEXT,REQUIRE_PERMISSION_PER_ROUTE,N/A,YES,MEDIUM,99
POST,/single,/api/companies/:companyId/.../single | /api/... (legacy)/single,operation-shift.routes.ts,AUTHENTICATED+COMPANY_CONTEXT,REQUIRE_PERMISSION_PER_ROUTE,N/A,YES,MEDIUM,106
POST,/,/api/companies/:companyId/.../ | /api/... (legacy)/,operation.routes.ts,AUTHENTICATED+COMPANY_CONTEXT,REQUIRE_PERMISSION_PER_ROUTE,N/A,YES,MEDIUM,31
POST,/import/preview,/api/companies/:companyId/.../import/preview | /api/... (legacy)/import/preview,operation.routes.ts,AUTHENTICATED+COMPANY_CONTEXT,REQUIRE_PERMISSION_PER_ROUTE,N/A,YES,MEDIUM,37
POST,/import/confirm,/api/companies/:companyId/.../import/confirm | /api/... (legacy)/import/confirm,operation.routes.ts,AUTHENTICATED+COMPANY_CONTEXT,REQUIRE_PERMISSION_PER_ROUTE,N/A,YES,MEDIUM,43
GET,/,/api/companies/:companyId/.../ | /api/... (legacy)/,operation.routes.ts,AUTHENTICATED+COMPANY_CONTEXT,REQUIRE_PERMISSION_PER_ROUTE,N/A,YES,MEDIUM,49
GET,/:id/recommendations/employees,/api/companies/:companyId/.../:id/recommendations/employees | /api/... (legacy)/:id/recommendations/employees,operation.routes.ts,AUTHENTICATED+COMPANY_CONTEXT,REQUIRE_PERMISSION_PER_ROUTE,N/A,YES,MEDIUM,55
POST,/:id/recommendations/team,/api/companies/:companyId/.../:id/recommendations/team | /api/... (legacy)/:id/recommendations/team,operation.routes.ts,AUTHENTICATED+COMPANY_CONTEXT,REQUIRE_PERMISSION_PER_ROUTE,N/A,YES,MEDIUM,62
GET,/:id/attendance-summary,/api/companies/:companyId/.../:id/attendance-summary | /api/... (legacy)/:id/attendance-summary,operation.routes.ts,AUTHENTICATED+COMPANY_CONTEXT,REQUIRE_PERMISSION_PER_ROUTE,N/A,YES,MEDIUM,69
GET,/:id/workdays,/api/companies/:companyId/.../:id/workdays | /api/... (legacy)/:id/workdays,operation.routes.ts,AUTHENTICATED+COMPANY_CONTEXT,REQUIRE_PERMISSION_PER_ROUTE,N/A,YES,MEDIUM,76
GET,/:id/workdays/:workdayId,/api/companies/:companyId/.../:id/workdays/:workdayId | /api/... (legacy)/:id/workdays/:workdayId,operation.routes.ts,AUTHENTICATED+COMPANY_CONTEXT,REQUIRE_PERMISSION_PER_ROUTE,N/A,YES,MEDIUM,83
POST,/:id/materialize-workdays,/api/companies/:companyId/.../:id/materialize-workdays | /api/... (legacy)/:id/materialize-workdays,operation.routes.ts,AUTHENTICATED+COMPANY_CONTEXT,REQUIRE_PERMISSION_PER_ROUTE,N/A,YES,MEDIUM,89
POST,/:id/reactivate,/api/companies/:companyId/.../:id/reactivate | /api/... (legacy)/:id/reactivate,operation.routes.ts,AUTHENTICATED+COMPANY_CONTEXT,REQUIRE_PERMISSION_PER_ROUTE,N/A,YES,MEDIUM,95
GET,/:id,/api/companies/:companyId/.../:id | /api/... (legacy)/:id,operation.routes.ts,AUTHENTICATED+COMPANY_CONTEXT,REQUIRE_PERMISSION_PER_ROUTE,N/A,YES,MEDIUM,101
PUT,/:id,/api/companies/:companyId/.../:id | /api/... (legacy)/:id,operation.routes.ts,AUTHENTICATED+COMPANY_CONTEXT,REQUIRE_PERMISSION_PER_ROUTE,N/A,YES,MEDIUM,107
DELETE,/:id,/api/companies/:companyId/.../:id | /api/... (legacy)/:id,operation.routes.ts,AUTHENTICATED+COMPANY_CONTEXT,REQUIRE_PERMISSION_PER_ROUTE,N/A,YES,MEDIUM,114
POST,/,/api/companies/:companyId/.../ | /api/... (legacy)/,payroll-receipt.routes.ts,AUTHENTICATED+COMPANY_CONTEXT,REQUIRE_PERMISSION_PER_ROUTE,N/A,YES,HIGH,19
GET,/,/api/companies/:companyId/.../ | /api/... (legacy)/,payroll-receipt.routes.ts,AUTHENTICATED+COMPANY_CONTEXT,REQUIRE_PERMISSION_PER_ROUTE,N/A,YES,HIGH,26
GET,/:batchId,/api/companies/:companyId/.../:batchId | /api/... (legacy)/:batchId,payroll-receipt.routes.ts,AUTHENTICATED+COMPANY_CONTEXT,REQUIRE_PERMISSION_PER_ROUTE,N/A,YES,HIGH,33
POST,/:batchId/receipts,/api/companies/:companyId/.../:batchId/receipts | /api/... (legacy)/:batchId/receipts,payroll-receipt.routes.ts,AUTHENTICATED+COMPANY_CONTEXT,REQUIRE_PERMISSION_PER_ROUTE,N/A,YES,HIGH,40
GET,/,/api/companies/:companyId/.../ | /api/... (legacy)/,payroll-receipt.routes.ts,AUTHENTICATED+COMPANY_CONTEXT,REQUIRE_PERMISSION_PER_ROUTE,N/A,YES,HIGH,48
GET,/:id,/api/companies/:companyId/.../:id | /api/... (legacy)/:id,payroll-receipt.routes.ts,AUTHENTICATED+COMPANY_CONTEXT,REQUIRE_PERMISSION_PER_ROUTE,N/A,YES,HIGH,55
GET,/:id/content,/api/companies/:companyId/.../:id/content | /api/... (legacy)/:id/content,payroll-receipt.routes.ts,AUTHENTICATED+COMPANY_CONTEXT,REQUIRE_PERMISSION_PER_ROUTE,N/A,YES,HIGH,62
POST,/:id/replace,/api/companies/:companyId/.../:id/replace | /api/... (legacy)/:id/replace,payroll-receipt.routes.ts,AUTHENTICATED+COMPANY_CONTEXT,REQUIRE_PERMISSION_PER_ROUTE,N/A,YES,HIGH,70
DELETE,/:id,/api/companies/:companyId/.../:id | /api/... (legacy)/:id,payroll-receipt.routes.ts,AUTHENTICATED+COMPANY_CONTEXT,REQUIRE_PERMISSION_PER_ROUTE,N/A,YES,HIGH,78
POST,/:id/reconcile-association,/api/companies/:companyId/.../:id/reconcile-association | /api/... (legacy)/:id/reconcile-association,payroll-receipt.routes.ts,AUTHENTICATED+COMPANY_CONTEXT,REQUIRE_PERMISSION_PER_ROUTE,N/A,YES,HIGH,85
GET,/companies,/api/platform/.../companies,platform-company.routes.ts,AUTHENTICATED,PLATFORM_ADMIN_LIKELY,N/A,PARTIAL,HIGH,21
POST,/companies,/api/platform/.../companies,platform-company.routes.ts,AUTHENTICATED,PLATFORM_ADMIN_LIKELY,N/A,PARTIAL,HIGH,23
POST,/companies/:companyId/deactivate,/api/platform/.../companies/:companyId/deactivate,platform-company.routes.ts,AUTHENTICATED,PLATFORM_ADMIN_LIKELY,N/A,PARTIAL,HIGH,29
POST,/companies/:companyId/reactivate,/api/platform/.../companies/:companyId/reactivate,platform-company.routes.ts,AUTHENTICATED,PLATFORM_ADMIN_LIKELY,N/A,PARTIAL,HIGH,36
GET,/companies/:companyId/deletion-status,/api/platform/.../companies/:companyId/deletion-status,platform-company.routes.ts,AUTHENTICATED,PLATFORM_ADMIN_LIKELY,N/A,PARTIAL,HIGH,42
GET,/companies/:companyId/whatsapp/payroll-query-deliveries/reconciliation-required,/api/platform/.../companies/:companyId/whatsapp/payroll-query-deliveries/reconciliation-required,platform-company.routes.ts,AUTHENTICATED,PLATFORM_ADMIN_LIKELY,N/A,PARTIAL,HIGH,48
POST,/companies/:companyId/whatsapp/payroll-query-deliveries/:deliveryId/reconcile,/api/platform/.../companies/:companyId/whatsapp/payroll-query-deliveries/:deliveryId/reconcile,platform-company.routes.ts,AUTHENTICATED,PLATFORM_ADMIN_LIKELY,N/A,PARTIAL,HIGH,54
GET,/status,/api/platform/.../status,platform-server-status.routes.ts,AUTHENTICATED,PLATFORM_ADMIN_LIKELY,N/A,PARTIAL,HIGH,10
POST,/,/api/companies/:companyId/.../ | /api/... (legacy)/,service.routes.ts,AUTHENTICATED+COMPANY_CONTEXT,REQUIRE_PERMISSION_PER_ROUTE,N/A,YES,MEDIUM,15
GET,/,/api/companies/:companyId/.../ | /api/... (legacy)/,service.routes.ts,AUTHENTICATED+COMPANY_CONTEXT,REQUIRE_PERMISSION_PER_ROUTE,N/A,YES,MEDIUM,21
GET,/facets,/api/companies/:companyId/.../facets | /api/... (legacy)/facets,service.routes.ts,AUTHENTICATED+COMPANY_CONTEXT,REQUIRE_PERMISSION_PER_ROUTE,N/A,YES,MEDIUM,27
GET,/:id,/api/companies/:companyId/.../:id | /api/... (legacy)/:id,service.routes.ts,AUTHENTICATED+COMPANY_CONTEXT,REQUIRE_PERMISSION_PER_ROUTE,N/A,YES,MEDIUM,32
PUT,/:id,/api/companies/:companyId/.../:id | /api/... (legacy)/:id,service.routes.ts,AUTHENTICATED+COMPANY_CONTEXT,REQUIRE_PERMISSION_PER_ROUTE,N/A,YES,MEDIUM,38
DELETE,/:id,/api/companies/:companyId/.../:id | /api/... (legacy)/:id,service.routes.ts,AUTHENTICATED+COMPANY_CONTEXT,REQUIRE_PERMISSION_PER_ROUTE,N/A,YES,MEDIUM,45
GET,/attendance/summary,/api/companies/:companyId/.../attendance/summary | /api/... (legacy)/attendance/summary,statistics.routes.ts,AUTHENTICATED+COMPANY_CONTEXT,REQUIRE_PERMISSION_PER_ROUTE,N/A,YES,MEDIUM,13
GET,/attendance/timeline,/api/companies/:companyId/.../attendance/timeline | /api/... (legacy)/attendance/timeline,statistics.routes.ts,AUTHENTICATED+COMPANY_CONTEXT,REQUIRE_PERMISSION_PER_ROUTE,N/A,YES,MEDIUM,20
GET,/attendance/status-distribution,/api/companies/:companyId/.../attendance/status-distribution | /api/... (legacy)/attendance/status-distribution,statistics.routes.ts,AUTHENTICATED+COMPANY_CONTEXT,REQUIRE_PERMISSION_PER_ROUTE,N/A,YES,MEDIUM,27
GET,/attendance/action-exceptions,/api/companies/:companyId/.../attendance/action-exceptions | /api/... (legacy)/attendance/action-exceptions,statistics.routes.ts,AUTHENTICATED+COMPANY_CONTEXT,REQUIRE_PERMISSION_PER_ROUTE,N/A,YES,MEDIUM,34
GET,/attendance/by-employee,/api/companies/:companyId/.../attendance/by-employee | /api/... (legacy)/attendance/by-employee,statistics.routes.ts,AUTHENTICATED+COMPANY_CONTEXT,REQUIRE_PERMISSION_PER_ROUTE,N/A,YES,MEDIUM,41
GET,/attendance/by-operation,/api/companies/:companyId/.../attendance/by-operation | /api/... (legacy)/attendance/by-operation,statistics.routes.ts,AUTHENTICATED+COMPANY_CONTEXT,REQUIRE_PERMISSION_PER_ROUTE,N/A,YES,MEDIUM,49
GET,/attendance/by-service,/api/companies/:companyId/.../attendance/by-service | /api/... (legacy)/attendance/by-service,statistics.routes.ts,AUTHENTICATED+COMPANY_CONTEXT,REQUIRE_PERMISSION_PER_ROUTE,N/A,YES,MEDIUM,57
GET,/attendance/workday-details,/api/companies/:companyId/.../attendance/workday-details | /api/... (legacy)/attendance/workday-details,statistics.routes.ts,AUTHENTICATED+COMPANY_CONTEXT,REQUIRE_PERMISSION_PER_ROUTE,N/A,YES,MEDIUM,65
GET,/attendance/incident-details,/api/companies/:companyId/.../attendance/incident-details | /api/... (legacy)/attendance/incident-details,statistics.routes.ts,AUTHENTICATED+COMPANY_CONTEXT,REQUIRE_PERMISSION_PER_ROUTE,N/A,YES,MEDIUM,73
GET,/options,/api/platform/.../options,system-logs.routes.ts,AUTHENTICATED,PLATFORM_ADMIN_LIKELY,N/A,PARTIAL,MEDIUM,15
GET,/,/api/platform/.../,system-logs.routes.ts,AUTHENTICATED,PLATFORM_ADMIN_LIKELY,N/A,PARTIAL,MEDIUM,20
GET,/:id/context,/api/platform/.../:id/context,system-logs.routes.ts,AUTHENTICATED,PLATFORM_ADMIN_LIKELY,N/A,PARTIAL,MEDIUM,26
GET,/:id,/api/platform/.../:id,system-logs.routes.ts,AUTHENTICATED,PLATFORM_ADMIN_LIKELY,N/A,PARTIAL,MEDIUM,32
POST,/whatsapp,/api/webhooks/twilio/whatsapp,twilio.routes.ts,TWILIO_SIGNATURE,UNKNOWN,CONDITIONALLY_PUBLIC,NO,HIGH,26
POST,/whatsapp/status,/api/webhooks/twilio/whatsapp/status,twilio.routes.ts,TWILIO_SIGNATURE,UNKNOWN,CONDITIONALLY_PUBLIC,NO,HIGH,32
GET,/,/api/companies/:companyId/invitations/,user-invitation.routes.ts,AUTHENTICATED,UNKNOWN,N/A,PARTIAL,MEDIUM,20
POST,/,/api/companies/:companyId/invitations/,user-invitation.routes.ts,AUTHENTICATED,UNKNOWN,N/A,PARTIAL,MEDIUM,27
POST,/:invitationId/resend,/api/companies/:companyId/invitations/:invitationId/resend,user-invitation.routes.ts,AUTHENTICATED,UNKNOWN,N/A,PARTIAL,MEDIUM,35
POST,/:invitationId/revoke,/api/companies/:companyId/invitations/:invitationId/revoke,user-invitation.routes.ts,AUTHENTICATED,UNKNOWN,N/A,PARTIAL,MEDIUM,43
GET,/preview,/api/invitations/preview,user-invitation.routes.ts,OPTIONAL_OR_NONE,UNKNOWN,CONDITIONALLY_PUBLIC,PARTIAL,MEDIUM,53
POST,/accept,/api/invitations/accept,user-invitation.routes.ts,OPTIONAL_OR_NONE,UNKNOWN,CONDITIONALLY_PUBLIC,PARTIAL,MEDIUM,60
POST,/decline,/api/invitations/decline,user-invitation.routes.ts,OPTIONAL_OR_NONE,UNKNOWN,CONDITIONALLY_PUBLIC,PARTIAL,MEDIUM,68
GET,/employee-lookups,/api/platform/.../employee-lookups,whatsapp-observability.routes.ts,AUTHENTICATED,PLATFORM_ADMIN_LIKELY,N/A,PARTIAL,MEDIUM,28
GET,/conversations,/api/platform/.../conversations,whatsapp-observability.routes.ts,AUTHENTICATED,PLATFORM_ADMIN_LIKELY,N/A,PARTIAL,MEDIUM,33
GET,/conversations/:conversationId,/api/platform/.../conversations/:conversationId,whatsapp-observability.routes.ts,AUTHENTICATED,PLATFORM_ADMIN_LIKELY,N/A,PARTIAL,MEDIUM,38
POST,/conversations/:conversationId/reveal-phone,/api/platform/.../conversations/:conversationId/reveal-phone,whatsapp-observability.routes.ts,AUTHENTICATED,PLATFORM_ADMIN_LIKELY,N/A,PARTIAL,MEDIUM,43
GET,/conversations/:conversationId/messages,/api/platform/.../conversations/:conversationId/messages,whatsapp-observability.routes.ts,AUTHENTICATED,PLATFORM_ADMIN_LIKELY,N/A,PARTIAL,MEDIUM,48
GET,/conversations/:conversationId/provider-events,/api/platform/.../conversations/:conversationId/provider-events,whatsapp-observability.routes.ts,AUTHENTICATED,PLATFORM_ADMIN_LIKELY,N/A,PARTIAL,MEDIUM,54
GET,/messages/:messageId,/api/platform/.../messages/:messageId,whatsapp-observability.routes.ts,AUTHENTICATED,PLATFORM_ADMIN_LIKELY,N/A,PARTIAL,MEDIUM,59
GET,/flows/:flowExecutionId,/api/platform/.../flows/:flowExecutionId,whatsapp-observability.routes.ts,AUTHENTICATED,PLATFORM_ADMIN_LIKELY,N/A,PARTIAL,MEDIUM,64
GET,/errors,/api/platform/.../errors,whatsapp-observability.routes.ts,AUTHENTICATED,PLATFORM_ADMIN_LIKELY,N/A,PARTIAL,MEDIUM,69
GET,/errors/:errorCode,/api/platform/.../errors/:errorCode,whatsapp-observability.routes.ts,AUTHENTICATED,PLATFORM_ADMIN_LIKELY,N/A,PARTIAL,MEDIUM,74
GET,/notifications/:notificationId,/api/platform/.../notifications/:notificationId,whatsapp-observability.routes.ts,AUTHENTICATED,PLATFORM_ADMIN_LIKELY,N/A,PARTIAL,MEDIUM,79
GET,/message-costs/summary,/api/platform/.../message-costs/summary,whatsapp-observability.routes.ts,AUTHENTICATED,PLATFORM_ADMIN_LIKELY,N/A,PARTIAL,MEDIUM,85
GET,/message-costs/by-company,/api/platform/.../message-costs/by-company,whatsapp-observability.routes.ts,AUTHENTICATED,PLATFORM_ADMIN_LIKELY,N/A,PARTIAL,MEDIUM,90
GET,/message-costs/by-template,/api/platform/.../message-costs/by-template,whatsapp-observability.routes.ts,AUTHENTICATED,PLATFORM_ADMIN_LIKELY,N/A,PARTIAL,MEDIUM,95
GET,/message-costs/detail,/api/platform/.../message-costs/detail,whatsapp-observability.routes.ts,AUTHENTICATED,PLATFORM_ADMIN_LIKELY,N/A,PARTIAL,MEDIUM,100
GET,/message-costs/export.csv,/api/platform/.../message-costs/export.csv,whatsapp-observability.routes.ts,AUTHENTICATED,PLATFORM_ADMIN_LIKELY,N/A,PARTIAL,MEDIUM,105
POST,/message-costs/resync,/api/platform/.../message-costs/resync,whatsapp-observability.routes.ts,AUTHENTICATED,PLATFORM_ADMIN_LIKELY,N/A,PARTIAL,MEDIUM,110
POST,/assign-preview,/api/companies/:companyId/.../assign-preview | /api/... (legacy)/assign-preview,work-team-assignment.routes.ts,AUTHENTICATED+COMPANY_CONTEXT,REQUIRE_PERMISSION_PER_ROUTE,N/A,YES,MEDIUM,15
POST,/assign,/api/companies/:companyId/.../assign | /api/... (legacy)/assign,work-team-assignment.routes.ts,AUTHENTICATED+COMPANY_CONTEXT,REQUIRE_PERMISSION_PER_ROUTE,N/A,YES,MEDIUM,22
GET,/:batchId,/api/companies/:companyId/.../:batchId | /api/... (legacy)/:batchId,work-team-assignment.routes.ts,AUTHENTICATED+COMPANY_CONTEXT,REQUIRE_PERMISSION_PER_ROUTE,N/A,YES,MEDIUM,32
POST,/recommendations/team,/api/companies/:companyId/.../recommendations/team | /api/... (legacy)/recommendations/team,work-team.routes.ts,AUTHENTICATED+COMPANY_CONTEXT,REQUIRE_PERMISSION_PER_ROUTE,N/A,YES,MEDIUM,20
POST,/,/api/companies/:companyId/.../ | /api/... (legacy)/,work-team.routes.ts,AUTHENTICATED+COMPANY_CONTEXT,REQUIRE_PERMISSION_PER_ROUTE,N/A,YES,MEDIUM,26
GET,/,/api/companies/:companyId/.../ | /api/... (legacy)/,work-team.routes.ts,AUTHENTICATED+COMPANY_CONTEXT,REQUIRE_PERMISSION_PER_ROUTE,N/A,YES,MEDIUM,32
GET,/:workTeamId,/api/companies/:companyId/.../:workTeamId | /api/... (legacy)/:workTeamId,work-team.routes.ts,AUTHENTICATED+COMPANY_CONTEXT,REQUIRE_PERMISSION_PER_ROUTE,N/A,YES,MEDIUM,38
PATCH,/:workTeamId,/api/companies/:companyId/.../:workTeamId | /api/... (legacy)/:workTeamId,work-team.routes.ts,AUTHENTICATED+COMPANY_CONTEXT,REQUIRE_PERMISSION_PER_ROUTE,N/A,YES,MEDIUM,44
POST,/:workTeamId/activate,/api/companies/:companyId/.../:workTeamId/activate | /api/... (legacy)/:workTeamId/activate,work-team.routes.ts,AUTHENTICATED+COMPANY_CONTEXT,REQUIRE_PERMISSION_PER_ROUTE,N/A,YES,MEDIUM,51
POST,/:workTeamId/deactivate,/api/companies/:companyId/.../:workTeamId/deactivate | /api/... (legacy)/:workTeamId/deactivate,work-team.routes.ts,AUTHENTICATED+COMPANY_CONTEXT,REQUIRE_PERMISSION_PER_ROUTE,N/A,YES,MEDIUM,57
GET,/:workTeamId/members,/api/companies/:companyId/.../:workTeamId/members | /api/... (legacy)/:workTeamId/members,work-team.routes.ts,AUTHENTICATED+COMPANY_CONTEXT,REQUIRE_PERMISSION_PER_ROUTE,N/A,YES,MEDIUM,63
POST,/:workTeamId/members,/api/companies/:companyId/.../:workTeamId/members | /api/... (legacy)/:workTeamId/members,work-team.routes.ts,AUTHENTICATED+COMPANY_CONTEXT,REQUIRE_PERMISSION_PER_ROUTE,N/A,YES,MEDIUM,69
PUT,/:workTeamId/members,/api/companies/:companyId/.../:workTeamId/members | /api/... (legacy)/:workTeamId/members,work-team.routes.ts,AUTHENTICATED+COMPANY_CONTEXT,REQUIRE_PERMISSION_PER_ROUTE,N/A,YES,MEDIUM,76
DELETE,/:workTeamId/members/:employeeId,/api/companies/:companyId/.../:workTeamId/members/:employeeId | /api/... (legacy)/:workTeamId/members/:employeeId,work-team.routes.ts,AUTHENTICATED+COMPANY_CONTEXT,REQUIRE_PERMISSION_PER_ROUTE,N/A,YES,MEDIUM,83
GET,/:workTeamId/usage,/api/companies/:companyId/.../:workTeamId/usage | /api/... (legacy)/:workTeamId/usage,work-team.routes.ts,AUTHENTICATED+COMPANY_CONTEXT,REQUIRE_PERMISSION_PER_ROUTE,N/A,YES,MEDIUM,89
