method,path,file,line,router_var
GET,/storage-health,src/routes/absence-attachment.routes.ts,17,absenceAttachmentRouter
GET,/:id/attachments,src/routes/absence-attachment.routes.ts,23,absenceAttachmentRouter
POST,/:id/attachments,src/routes/absence-attachment.routes.ts,30,absenceAttachmentRouter
GET,/:id/attachments/:attachmentId/content,src/routes/absence-attachment.routes.ts,38,absenceAttachmentRouter
DELETE,/:id/attachments/:attachmentId,src/routes/absence-attachment.routes.ts,45,absenceAttachmentRouter
GET,/,src/routes/absence-calendar.routes.ts,19,absenceCalendarRouter
GET,/default,src/routes/absence-calendar.routes.ts,25,absenceCalendarRouter
POST,/,src/routes/absence-calendar.routes.ts,31,absenceCalendarRouter
POST,/bootstrap-default,src/routes/absence-calendar.routes.ts,38,absenceCalendarRouter
PATCH,/:calendarId,src/routes/absence-calendar.routes.ts,44,absenceCalendarRouter
GET,/:calendarId/dates,src/routes/absence-calendar.routes.ts,52,absenceCalendarRouter
POST,/dates,src/routes/absence-calendar.routes.ts,60,absenceCalendarRouter
PATCH,/dates/:dateId,src/routes/absence-calendar.routes.ts,67,absenceCalendarRouter
POST,/calculate,src/routes/absence-calendar.routes.ts,77,absenceCalculateRouter
POST,/,src/routes/absence-request-draft.routes.ts,33,absenceRequestDraftRouter
GET,/:draftId,src/routes/absence-request-draft.routes.ts,48,absenceRequestDraftRouter
POST,/:draftId/submit,src/routes/absence-request-draft.routes.ts,62,absenceRequestDraftRouter
POST,/:draftId/attachments,src/routes/absence-request-draft.routes.ts,79,absenceRequestDraftRouter
GET,/,src/routes/absence-request.routes.ts,20,absenceRequestRouter
POST,/,src/routes/absence-request.routes.ts,27,absenceRequestRouter
GET,/:id/operational-impact,src/routes/absence-request.routes.ts,34,absenceRequestRouter
GET,/:id/operational-conflicts,src/routes/absence-request.routes.ts,41,absenceRequestRouter
POST,/:id/operational-conflicts/:conflictId/resolve,src/routes/absence-request.routes.ts,48,absenceRequestRouter
POST,/:id/reconcile-operational-impact,src/routes/absence-request.routes.ts,56,absenceRequestRouter
GET,/:id,src/routes/absence-request.routes.ts,64,absenceRequestRouter
PATCH,/:id,src/routes/absence-request.routes.ts,71,absenceRequestRouter
PATCH,/:id/resubmit,src/routes/absence-request.routes.ts,79,absenceRequestRouter
PATCH,/:id/approve,src/routes/absence-request.routes.ts,86,absenceRequestRouter
PATCH,/:id/reject,src/routes/absence-request.routes.ts,93,absenceRequestRouter
PATCH,/:id/needs-info,src/routes/absence-request.routes.ts,101,absenceRequestRouter
PATCH,/:id/cancel,src/routes/absence-request.routes.ts,109,absenceRequestRouter
GET,/,src/routes/absence-type.routes.ts,15,absenceTypesRouter
PATCH,/:id,src/routes/absence-type.routes.ts,22,absenceTypesRouter
POST,/,src/routes/attendance.routes.ts,20,attendanceRouter
POST,/manual/preview,src/routes/attendance.routes.ts,26,attendanceRouter
POST,/manual,src/routes/attendance.routes.ts,32,attendanceRouter
PATCH,/:id/manual,src/routes/attendance.routes.ts,38,attendanceRouter
GET,/,src/routes/attendance.routes.ts,45,attendanceRouter
GET,/export.csv,src/routes/attendance.routes.ts,51,attendanceRouter
PATCH,/:id/review,src/routes/attendance.routes.ts,57,attendanceRouter
GET,/:id/reviews,src/routes/attendance.routes.ts,64,attendanceRouter
GET,/:id/audit-logs,src/routes/attendance.routes.ts,71,attendanceRouter
GET,/:id,src/routes/attendance.routes.ts,78,attendanceRouter
POST,/login,src/routes/auth.routes.ts,28,authRouter
POST,/login/2fa,src/routes/auth.routes.ts,39,authRouter
POST,/forgot-password,src/routes/auth.routes.ts,56,authRouter
POST,/reset-password,src/routes/auth.routes.ts,77,authRouter
GET,/me,src/routes/auth.routes.ts,88,authRouter
GET,/2fa/status,src/routes/auth.routes.ts,90,authRouter
POST,/2fa/setup,src/routes/auth.routes.ts,91,authRouter
POST,/2fa/confirm,src/routes/auth.routes.ts,92,authRouter
POST,/2fa/disable,src/routes/auth.routes.ts,103,authRouter
POST,/2fa/recovery-codes/regenerate,src/routes/auth.routes.ts,114,authRouter
POST,/2fa/reconfigure/setup,src/routes/auth.routes.ts,125,authRouter
POST,/2fa/reconfigure/confirm,src/routes/auth.routes.ts,136,authRouter
DELETE,/2fa/reconfigure,src/routes/auth.routes.ts,147,authRouter
POST,/session,src/routes/bot-simulator.routes.ts,9,botSimulatorRouter
GET,/session/:id,src/routes/bot-simulator.routes.ts,10,botSimulatorRouter
POST,/session/:id/restart,src/routes/bot-simulator.routes.ts,11,botSimulatorRouter
GET,/session/:id/location-presets,src/routes/bot-simulator.routes.ts,12,botSimulatorRouter
POST,/message,src/routes/bot-simulator.routes.ts,16,botSimulatorRouter
POST,/location,src/routes/bot-simulator.routes.ts,17,botSimulatorRouter
GET,/,src/routes/company-user.routes.ts,15,companyUserRouter
POST,/,src/routes/company-user.routes.ts,22,companyUserRouter
GET,/:userId,src/routes/company-user.routes.ts,29,companyUserRouter
PATCH,/:userId,src/routes/company-user.routes.ts,36,companyUserRouter
PATCH,/:userId/deactivate,src/routes/company-user.routes.ts,44,companyUserRouter
GET,/,src/routes/company.routes.ts,45,companyRouter
GET,/:companyId/me,src/routes/company.routes.ts,47,companyRouter
GET,/:companyId/roles/:role/capabilities,src/routes/company.routes.ts,54,companyRouter
GET,/:companyId/settings,src/routes/company.routes.ts,62,companyRouter
PATCH,/:companyId/settings,src/routes/company.routes.ts,70,companyRouter
PUT,/:companyId/settings/admin-alert-delivery-mode,src/routes/company.routes.ts,79,companyRouter
GET,/:companyId/settings/work-schedule,src/routes/company.routes.ts,88,companyRouter
PUT,/:companyId/settings/work-schedule,src/routes/company.routes.ts,96,companyRouter
GET,/:companyId/settings/absences,src/routes/company.routes.ts,105,companyRouter
PATCH,/:companyId/settings/absences,src/routes/company.routes.ts,113,companyRouter
GET,/:companyId/settings/whatsapp-quotas,src/routes/company.routes.ts,122,companyRouter
PATCH,/:companyId/settings/whatsapp-quotas,src/routes/company.routes.ts,130,companyRouter
GET,/:companyId/settings/location-types,src/routes/company.routes.ts,139,companyRouter
POST,/:companyId/settings/location-types,src/routes/company.routes.ts,148,companyRouter
PATCH,/:companyId/settings/location-types/:locationTypeId,src/routes/company.routes.ts,157,companyRouter
DELETE,/:companyId/settings/location-types/:locationTypeId,src/routes/company.routes.ts,166,companyRouter
GET,/:companyId/modules,src/routes/company.routes.ts,174,companyRouter
PATCH,/:companyId/modules,src/routes/company.routes.ts,182,companyRouter
GET,/:companyId/company-alert-recipients,src/routes/company.routes.ts,191,companyRouter
POST,/:companyId/company-alert-recipients,src/routes/company.routes.ts,199,companyRouter
PATCH,/:companyId/company-alert-recipients/:recipientId,src/routes/company.routes.ts,208,companyRouter
DELETE,/:companyId/company-alert-recipients/:recipientId,src/routes/company.routes.ts,217,companyRouter
GET,/:companyId/company-report-email-recipients,src/routes/company.routes.ts,225,companyRouter
POST,/:companyId/company-report-email-recipients,src/routes/company.routes.ts,233,companyRouter
PATCH,/:companyId/company-report-email-recipients/:recipientId,src/routes/company.routes.ts,242,companyRouter
DELETE,/:companyId/company-report-email-recipients/:recipientId,src/routes/company.routes.ts,251,companyRouter
POST,/:companyId/daily-attendance-reports/trigger,src/routes/company.routes.ts,259,companyRouter
POST,/run,src/routes/dev-reminder.routes.ts,31,devReminderRouter
POST,/run-job-once,src/routes/dev-reminder.routes.ts,41,devReminderRouter
POST,/test,src/routes/dev-reminder.routes.ts,50,devReminderRouter
GET,/,src/routes/employee-category.routes.ts,15,employeeCategoryRouter
POST,/,src/routes/employee-category.routes.ts,22,employeeCategoryRouter
PATCH,/:categoryId,src/routes/employee-category.routes.ts,29,employeeCategoryRouter
POST,/,src/routes/employee.routes.ts,28,employeeRouter
GET,/,src/routes/employee.routes.ts,34,employeeRouter
GET,/:employeeId/absence-balances,src/routes/employee.routes.ts,40,employeeRouter
PUT,/:employeeId/absence-balances/:absenceTypeId,src/routes/employee.routes.ts,47,employeeRouter
GET,/:employeeId/absence-balances/:absenceTypeId/movements,src/routes/employee.routes.ts,54,employeeRouter
POST,/:employeeId/absence-balances/:absenceTypeId/adjustments,src/routes/employee.routes.ts,61,employeeRouter
POST,/:employeeId/absence-balances/:absenceTypeId/movements/:movementId/reversal,src/routes/employee.routes.ts,68,employeeRouter
GET,/:id/deactivation-impact,src/routes/employee.routes.ts,75,employeeRouter
GET,/:id/operational-availability,src/routes/employee.routes.ts,81,employeeRouter
GET,/:id/operations,src/routes/employee.routes.ts,87,employeeRouter
POST,/:id/deactivate,src/routes/employee.routes.ts,95,employeeRouter
GET,/:id,src/routes/employee.routes.ts,102,employeeRouter
PUT,/:id,src/routes/employee.routes.ts,108,employeeRouter
DELETE,/:id,src/routes/employee.routes.ts,115,employeeRouter
GET,/health,src/routes/health.routes.ts,6,healthRouter
GET,/health/database,src/routes/health.routes.ts,7,healthRouter
GET,/health/ready,src/routes/health.routes.ts,8,healthRouter
GET,/ready,src/routes/health.routes.ts,9,healthRouter
GET,/:entityType/template,src/routes/import.routes.ts,46,importRouter
POST,/:entityType/preview,src/routes/import.routes.ts,53,importRouter
POST,/:entityType/execute,src/routes/import.routes.ts,61,importRouter
GET,/,src/routes/location-zone.routes.ts,17,locationZoneRouter
GET,/search,src/routes/location-zone.routes.ts,24,locationZoneRouter
GET,/geocoding-summary,src/routes/location-zone.routes.ts,31,locationZoneRouter
POST,/,src/routes/location-zone.routes.ts,37,locationZoneRouter
PATCH,/:zoneId,src/routes/location-zone.routes.ts,44,locationZoneRouter
POST,/:zoneId/geocode,src/routes/location-zone.routes.ts,52,locationZoneRouter
GET,/employees,src/routes/lookup.routes.ts,31,lookupRouter
GET,/workers,src/routes/lookup.routes.ts,43,lookupRouter
GET,/services,src/routes/lookup.routes.ts,55,lookupRouter
GET,/operations,src/routes/lookup.routes.ts,66,lookupRouter
POST,/batch,src/routes/operation-assignment.routes.ts,16,operationAssignmentRouter
POST,/,src/routes/operation-assignment.routes.ts,23,operationAssignmentRouter
GET,/,src/routes/operation-assignment.routes.ts,30,operationAssignmentRouter
POST,/:assignmentId/cancel,src/routes/operation-assignment.routes.ts,36,operationAssignmentRouter
POST,/:assignmentId/end,src/routes/operation-assignment.routes.ts,42,operationAssignmentRouter
DELETE,/:assignmentId,src/routes/operation-assignment.routes.ts,49,operationAssignmentRouter
GET,/,src/routes/operation-shift.routes.ts,27,shiftTemplateRouter
POST,/,src/routes/operation-shift.routes.ts,33,shiftTemplateRouter
PATCH,/:templateId,src/routes/operation-shift.routes.ts,39,shiftTemplateRouter
DELETE,/:templateId,src/routes/operation-shift.routes.ts,46,shiftTemplateRouter
GET,/,src/routes/operation-shift.routes.ts,55,operationShiftRouter
POST,/,src/routes/operation-shift.routes.ts,62,operationShiftRouter
PATCH,/:shiftId,src/routes/operation-shift.routes.ts,69,operationShiftRouter
DELETE,/:shiftId,src/routes/operation-shift.routes.ts,76,operationShiftRouter
POST,/:shiftId/versions,src/routes/operation-shift.routes.ts,82,operationShiftRouter
POST,/:shiftId/exceptions,src/routes/operation-shift.routes.ts,89,operationShiftRouter
POST,/multi-shift,src/routes/operation-shift.routes.ts,99,operationScheduleModeRouter
POST,/single,src/routes/operation-shift.routes.ts,106,operationScheduleModeRouter
POST,/,src/routes/operation.routes.ts,31,operationRouter
POST,/import/preview,src/routes/operation.routes.ts,37,operationRouter
POST,/import/confirm,src/routes/operation.routes.ts,43,operationRouter
GET,/,src/routes/operation.routes.ts,49,operationRouter
GET,/:id/recommendations/employees,src/routes/operation.routes.ts,55,operationRouter
POST,/:id/recommendations/team,src/routes/operation.routes.ts,62,operationRouter
GET,/:id/attendance-summary,src/routes/operation.routes.ts,69,operationRouter
GET,/:id/workdays,src/routes/operation.routes.ts,76,operationRouter
GET,/:id/workdays/:workdayId,src/routes/operation.routes.ts,83,operationRouter
POST,/:id/materialize-workdays,src/routes/operation.routes.ts,89,operationRouter
POST,/:id/reactivate,src/routes/operation.routes.ts,95,operationRouter
GET,/:id,src/routes/operation.routes.ts,101,operationRouter
PUT,/:id,src/routes/operation.routes.ts,107,operationRouter
DELETE,/:id,src/routes/operation.routes.ts,114,operationRouter
POST,/,src/routes/payroll-receipt.routes.ts,19,payrollReceiptBatchRouter
GET,/,src/routes/payroll-receipt.routes.ts,26,payrollReceiptBatchRouter
GET,/:batchId,src/routes/payroll-receipt.routes.ts,33,payrollReceiptBatchRouter
POST,/:batchId/receipts,src/routes/payroll-receipt.routes.ts,40,payrollReceiptBatchRouter
GET,/,src/routes/payroll-receipt.routes.ts,48,payrollReceiptRouter
GET,/:id,src/routes/payroll-receipt.routes.ts,55,payrollReceiptRouter
GET,/:id/content,src/routes/payroll-receipt.routes.ts,62,payrollReceiptRouter
POST,/:id/replace,src/routes/payroll-receipt.routes.ts,70,payrollReceiptRouter
DELETE,/:id,src/routes/payroll-receipt.routes.ts,78,payrollReceiptRouter
POST,/:id/reconcile-association,src/routes/payroll-receipt.routes.ts,85,payrollReceiptRouter
GET,/companies,src/routes/platform-company.routes.ts,21,platformCompanyRouter
POST,/companies,src/routes/platform-company.routes.ts,23,platformCompanyRouter
POST,/companies/:companyId/deactivate,src/routes/platform-company.routes.ts,29,platformCompanyRouter
POST,/companies/:companyId/reactivate,src/routes/platform-company.routes.ts,36,platformCompanyRouter
GET,/companies/:companyId/deletion-status,src/routes/platform-company.routes.ts,42,platformCompanyRouter
GET,/companies/:companyId/whatsapp/payroll-query-deliveries/reconciliation-required,src/routes/platform-company.routes.ts,48,platformCompanyRouter
POST,/companies/:companyId/whatsapp/payroll-query-deliveries/:deliveryId/reconcile,src/routes/platform-company.routes.ts,54,platformCompanyRouter
GET,/status,src/routes/platform-server-status.routes.ts,10,platformServerStatusRouter
POST,/,src/routes/service.routes.ts,15,serviceRouter
GET,/,src/routes/service.routes.ts,21,serviceRouter
GET,/facets,src/routes/service.routes.ts,27,serviceRouter
GET,/:id,src/routes/service.routes.ts,32,serviceRouter
PUT,/:id,src/routes/service.routes.ts,38,serviceRouter
DELETE,/:id,src/routes/service.routes.ts,45,serviceRouter
GET,/attendance/summary,src/routes/statistics.routes.ts,13,statisticsRouter
GET,/attendance/timeline,src/routes/statistics.routes.ts,20,statisticsRouter
GET,/attendance/status-distribution,src/routes/statistics.routes.ts,27,statisticsRouter
GET,/attendance/action-exceptions,src/routes/statistics.routes.ts,34,statisticsRouter
GET,/attendance/by-employee,src/routes/statistics.routes.ts,41,statisticsRouter
GET,/attendance/by-operation,src/routes/statistics.routes.ts,49,statisticsRouter
GET,/attendance/by-service,src/routes/statistics.routes.ts,57,statisticsRouter
GET,/attendance/workday-details,src/routes/statistics.routes.ts,65,statisticsRouter
GET,/attendance/incident-details,src/routes/statistics.routes.ts,73,statisticsRouter
GET,/options,src/routes/system-logs.routes.ts,15,systemLogsRouter
GET,/,src/routes/system-logs.routes.ts,20,systemLogsRouter
GET,/:id/context,src/routes/system-logs.routes.ts,26,systemLogsRouter
GET,/:id,src/routes/system-logs.routes.ts,32,systemLogsRouter
POST,/whatsapp,src/routes/twilio.routes.ts,26,twilioRouter
POST,/whatsapp/status,src/routes/twilio.routes.ts,32,twilioRouter
GET,/,src/routes/user-invitation.routes.ts,20,companyInvitationRouter
POST,/,src/routes/user-invitation.routes.ts,27,companyInvitationRouter
POST,/:invitationId/resend,src/routes/user-invitation.routes.ts,35,companyInvitationRouter
POST,/:invitationId/revoke,src/routes/user-invitation.routes.ts,43,companyInvitationRouter
GET,/preview,src/routes/user-invitation.routes.ts,53,publicInvitationRouter
POST,/accept,src/routes/user-invitation.routes.ts,60,publicInvitationRouter
POST,/decline,src/routes/user-invitation.routes.ts,68,publicInvitationRouter
GET,/employee-lookups,src/routes/whatsapp-observability.routes.ts,28,whatsappObservabilityRouter
GET,/conversations,src/routes/whatsapp-observability.routes.ts,33,whatsappObservabilityRouter
GET,/conversations/:conversationId,src/routes/whatsapp-observability.routes.ts,38,whatsappObservabilityRouter
POST,/conversations/:conversationId/reveal-phone,src/routes/whatsapp-observability.routes.ts,43,whatsappObservabilityRouter
GET,/conversations/:conversationId/messages,src/routes/whatsapp-observability.routes.ts,48,whatsappObservabilityRouter
GET,/conversations/:conversationId/provider-events,src/routes/whatsapp-observability.routes.ts,54,whatsappObservabilityRouter
GET,/messages/:messageId,src/routes/whatsapp-observability.routes.ts,59,whatsappObservabilityRouter
GET,/flows/:flowExecutionId,src/routes/whatsapp-observability.routes.ts,64,whatsappObservabilityRouter
GET,/errors,src/routes/whatsapp-observability.routes.ts,69,whatsappObservabilityRouter
GET,/errors/:errorCode,src/routes/whatsapp-observability.routes.ts,74,whatsappObservabilityRouter
GET,/notifications/:notificationId,src/routes/whatsapp-observability.routes.ts,79,whatsappObservabilityRouter
GET,/message-costs/summary,src/routes/whatsapp-observability.routes.ts,85,whatsappObservabilityRouter
GET,/message-costs/by-company,src/routes/whatsapp-observability.routes.ts,90,whatsappObservabilityRouter
GET,/message-costs/by-template,src/routes/whatsapp-observability.routes.ts,95,whatsappObservabilityRouter
GET,/message-costs/detail,src/routes/whatsapp-observability.routes.ts,100,whatsappObservabilityRouter
GET,/message-costs/export.csv,src/routes/whatsapp-observability.routes.ts,105,whatsappObservabilityRouter
POST,/message-costs/resync,src/routes/whatsapp-observability.routes.ts,110,whatsappObservabilityRouter
POST,/assign-preview,src/routes/work-team-assignment.routes.ts,15,operationWorkTeamAssignmentRouter
POST,/assign,src/routes/work-team-assignment.routes.ts,22,operationWorkTeamAssignmentRouter
GET,/:batchId,src/routes/work-team-assignment.routes.ts,32,workTeamAssignmentBatchRouter
POST,/recommendations/team,src/routes/work-team.routes.ts,20,workTeamRouter
POST,/,src/routes/work-team.routes.ts,26,workTeamRouter
GET,/,src/routes/work-team.routes.ts,32,workTeamRouter
GET,/:workTeamId,src/routes/work-team.routes.ts,38,workTeamRouter
PATCH,/:workTeamId,src/routes/work-team.routes.ts,44,workTeamRouter
POST,/:workTeamId/activate,src/routes/work-team.routes.ts,51,workTeamRouter
POST,/:workTeamId/deactivate,src/routes/work-team.routes.ts,57,workTeamRouter
GET,/:workTeamId/members,src/routes/work-team.routes.ts,63,workTeamRouter
POST,/:workTeamId/members,src/routes/work-team.routes.ts,69,workTeamRouter
PUT,/:workTeamId/members,src/routes/work-team.routes.ts,76,workTeamRouter
DELETE,/:workTeamId/members/:employeeId,src/routes/work-team.routes.ts,83,workTeamRouter
GET,/:workTeamId/usage,src/routes/work-team.routes.ts,89,workTeamRouter
