method,path,module,auth_required,auth_mechanism,permission,allowed_roles,company_context,tenant_scoped,resource_ownership,platform_admin_behavior,repository_scope,side_effects,status,evidence
GET,/storage-health,absence-attachment.routes.ts,Y,AUTHENTICATED+COMPANY_CONTEXT,per-route (see module),via company-permissions.ts role map,Y,YES,company-scoped ID,synthetic_OWNER_on_company_routes,COMPANY_ID,HIGH,VERIFIED,Deep-traced: permission + company-scoped repository
GET,/:id/attachments,absence-attachment.routes.ts,Y,AUTHENTICATED+COMPANY_CONTEXT,per-route (see module),via company-permissions.ts role map,Y,YES,company-scoped ID,synthetic_OWNER_on_company_routes,COMPANY_ID,HIGH,VERIFIED,Deep-traced: permission + company-scoped repository
POST,/:id/attachments,absence-attachment.routes.ts,Y,AUTHENTICATED+COMPANY_CONTEXT,per-route (see module),via company-permissions.ts role map,Y,YES,company-scoped ID,synthetic_OWNER_on_company_routes,COMPANY_ID,HIGH,VERIFIED,Deep-traced: permission + company-scoped repository
GET,/:id/attachments/:attachmentId/content,absence-attachment.routes.ts,Y,AUTHENTICATED+COMPANY_CONTEXT,per-route (see module),via company-permissions.ts role map,Y,YES,company-scoped ID,synthetic_OWNER_on_company_routes,COMPANY_ID,HIGH,VERIFIED,Deep-traced: permission + company-scoped repository
DELETE,/:id/attachments/:attachmentId,absence-attachment.routes.ts,Y,AUTHENTICATED+COMPANY_CONTEXT,per-route (see module),via company-permissions.ts role map,Y,YES,company-scoped ID,synthetic_OWNER_on_company_routes,COMPANY_ID,HIGH,VERIFIED,Deep-traced: permission + company-scoped repository
GET,/,absence-calendar.routes.ts,Y,AUTHENTICATED+COMPANY_CONTEXT,per-route (see module),via company-permissions.ts role map,Y,YES,ASSUMED_COMPANY_CONTEXT,synthetic_OWNER_on_company_routes,ASSUMED_COMPANY_CONTEXT,HIGH,PARTIAL,Shared authenticate+resolveCompanyContext+requirePermission pattern; repo not call-traced this phase
GET,/default,absence-calendar.routes.ts,Y,AUTHENTICATED+COMPANY_CONTEXT,per-route (see module),via company-permissions.ts role map,Y,YES,ASSUMED_COMPANY_CONTEXT,synthetic_OWNER_on_company_routes,ASSUMED_COMPANY_CONTEXT,HIGH,PARTIAL,Shared authenticate+resolveCompanyContext+requirePermission pattern; repo not call-traced this phase
POST,/,absence-calendar.routes.ts,Y,AUTHENTICATED+COMPANY_CONTEXT,per-route (see module),via company-permissions.ts role map,Y,YES,ASSUMED_COMPANY_CONTEXT,synthetic_OWNER_on_company_routes,ASSUMED_COMPANY_CONTEXT,HIGH,PARTIAL,Shared authenticate+resolveCompanyContext+requirePermission pattern; repo not call-traced this phase
POST,/bootstrap-default,absence-calendar.routes.ts,Y,AUTHENTICATED+COMPANY_CONTEXT,per-route (see module),via company-permissions.ts role map,Y,YES,ASSUMED_COMPANY_CONTEXT,synthetic_OWNER_on_company_routes,ASSUMED_COMPANY_CONTEXT,HIGH,PARTIAL,Shared authenticate+resolveCompanyContext+requirePermission pattern; repo not call-traced this phase
PATCH,/:calendarId,absence-calendar.routes.ts,Y,AUTHENTICATED+COMPANY_CONTEXT,per-route (see module),via company-permissions.ts role map,Y,YES,ASSUMED_COMPANY_CONTEXT,synthetic_OWNER_on_company_routes,ASSUMED_COMPANY_CONTEXT,HIGH,PARTIAL,Shared authenticate+resolveCompanyContext+requirePermission pattern; repo not call-traced this phase
GET,/:calendarId/dates,absence-calendar.routes.ts,Y,AUTHENTICATED+COMPANY_CONTEXT,per-route (see module),via company-permissions.ts role map,Y,YES,ASSUMED_COMPANY_CONTEXT,synthetic_OWNER_on_company_routes,ASSUMED_COMPANY_CONTEXT,HIGH,PARTIAL,Shared authenticate+resolveCompanyContext+requirePermission pattern; repo not call-traced this phase
POST,/dates,absence-calendar.routes.ts,Y,AUTHENTICATED+COMPANY_CONTEXT,per-route (see module),via company-permissions.ts role map,Y,YES,ASSUMED_COMPANY_CONTEXT,synthetic_OWNER_on_company_routes,ASSUMED_COMPANY_CONTEXT,HIGH,PARTIAL,Shared authenticate+resolveCompanyContext+requirePermission pattern; repo not call-traced this phase
PATCH,/dates/:dateId,absence-calendar.routes.ts,Y,AUTHENTICATED+COMPANY_CONTEXT,per-route (see module),via company-permissions.ts role map,Y,YES,ASSUMED_COMPANY_CONTEXT,synthetic_OWNER_on_company_routes,ASSUMED_COMPANY_CONTEXT,HIGH,PARTIAL,Shared authenticate+resolveCompanyContext+requirePermission pattern; repo not call-traced this phase
POST,/calculate,absence-calendar.routes.ts,Y,AUTHENTICATED+COMPANY_CONTEXT,per-route (see module),via company-permissions.ts role map,Y,YES,ASSUMED_COMPANY_CONTEXT,synthetic_OWNER_on_company_routes,ASSUMED_COMPANY_CONTEXT,HIGH,PARTIAL,Shared authenticate+resolveCompanyContext+requirePermission pattern; repo not call-traced this phase
POST,/,absence-request-draft.routes.ts,Y,AUTHENTICATED+COMPANY_CONTEXT,per-route (see module),via company-permissions.ts role map,Y,YES,company-scoped ID,synthetic_OWNER_on_company_routes,COMPANY_ID,HIGH,VERIFIED,Deep-traced: permission + company-scoped repository
GET,/:draftId,absence-request-draft.routes.ts,Y,AUTHENTICATED+COMPANY_CONTEXT,per-route (see module),via company-permissions.ts role map,Y,YES,company-scoped ID,synthetic_OWNER_on_company_routes,COMPANY_ID,HIGH,VERIFIED,Deep-traced: permission + company-scoped repository
POST,/:draftId/submit,absence-request-draft.routes.ts,Y,AUTHENTICATED+COMPANY_CONTEXT,per-route (see module),via company-permissions.ts role map,Y,YES,company-scoped ID,synthetic_OWNER_on_company_routes,COMPANY_ID,HIGH,VERIFIED,Deep-traced: permission + company-scoped repository
POST,/:draftId/attachments,absence-request-draft.routes.ts,Y,AUTHENTICATED+COMPANY_CONTEXT,per-route (see module),via company-permissions.ts role map,Y,YES,company-scoped ID,synthetic_OWNER_on_company_routes,COMPANY_ID,HIGH,VERIFIED,Deep-traced: permission + company-scoped repository
GET,/,absence-request.routes.ts,Y,AUTHENTICATED+COMPANY_CONTEXT,per-route (see module),via company-permissions.ts role map,Y,YES,company-scoped ID,synthetic_OWNER_on_company_routes,COMPANY_ID,HIGH,VERIFIED,Deep-traced: permission + company-scoped repository
POST,/,absence-request.routes.ts,Y,AUTHENTICATED+COMPANY_CONTEXT,per-route (see module),via company-permissions.ts role map,Y,YES,company-scoped ID,synthetic_OWNER_on_company_routes,COMPANY_ID,HIGH,VERIFIED,Deep-traced: permission + company-scoped repository
GET,/:id/operational-impact,absence-request.routes.ts,Y,AUTHENTICATED+COMPANY_CONTEXT,per-route (see module),via company-permissions.ts role map,Y,YES,company-scoped ID,synthetic_OWNER_on_company_routes,COMPANY_ID,HIGH,VERIFIED,Deep-traced: permission + company-scoped repository
GET,/:id/operational-conflicts,absence-request.routes.ts,Y,AUTHENTICATED+COMPANY_CONTEXT,per-route (see module),via company-permissions.ts role map,Y,YES,company-scoped ID,synthetic_OWNER_on_company_routes,COMPANY_ID,HIGH,VERIFIED,Deep-traced: permission + company-scoped repository
POST,/:id/operational-conflicts/:conflictId/resolve,absence-request.routes.ts,Y,AUTHENTICATED+COMPANY_CONTEXT,per-route (see module),via company-permissions.ts role map,Y,YES,company-scoped ID,synthetic_OWNER_on_company_routes,COMPANY_ID,HIGH,VERIFIED,Deep-traced: permission + company-scoped repository
POST,/:id/reconcile-operational-impact,absence-request.routes.ts,Y,AUTHENTICATED+COMPANY_CONTEXT,per-route (see module),via company-permissions.ts role map,Y,YES,company-scoped ID,synthetic_OWNER_on_company_routes,COMPANY_ID,HIGH,VERIFIED,Deep-traced: permission + company-scoped repository
GET,/:id,absence-request.routes.ts,Y,AUTHENTICATED+COMPANY_CONTEXT,per-route (see module),via company-permissions.ts role map,Y,YES,company-scoped ID,synthetic_OWNER_on_company_routes,COMPANY_ID,HIGH,VERIFIED,Deep-traced: permission + company-scoped repository
PATCH,/:id,absence-request.routes.ts,Y,AUTHENTICATED+COMPANY_CONTEXT,per-route (see module),via company-permissions.ts role map,Y,YES,company-scoped ID,synthetic_OWNER_on_company_routes,COMPANY_ID,HIGH,VERIFIED,Deep-traced: permission + company-scoped repository
PATCH,/:id/resubmit,absence-request.routes.ts,Y,AUTHENTICATED+COMPANY_CONTEXT,per-route (see module),via company-permissions.ts role map,Y,YES,company-scoped ID,synthetic_OWNER_on_company_routes,COMPANY_ID,HIGH,VERIFIED,Deep-traced: permission + company-scoped repository
PATCH,/:id/approve,absence-request.routes.ts,Y,AUTHENTICATED+COMPANY_CONTEXT,per-route (see module),via company-permissions.ts role map,Y,YES,company-scoped ID,synthetic_OWNER_on_company_routes,COMPANY_ID,HIGH,VERIFIED,Deep-traced: permission + company-scoped repository
PATCH,/:id/reject,absence-request.routes.ts,Y,AUTHENTICATED+COMPANY_CONTEXT,per-route (see module),via company-permissions.ts role map,Y,YES,company-scoped ID,synthetic_OWNER_on_company_routes,COMPANY_ID,HIGH,VERIFIED,Deep-traced: permission + company-scoped repository
PATCH,/:id/needs-info,absence-request.routes.ts,Y,AUTHENTICATED+COMPANY_CONTEXT,per-route (see module),via company-permissions.ts role map,Y,YES,company-scoped ID,synthetic_OWNER_on_company_routes,COMPANY_ID,HIGH,VERIFIED,Deep-traced: permission + company-scoped repository
PATCH,/:id/cancel,absence-request.routes.ts,Y,AUTHENTICATED+COMPANY_CONTEXT,per-route (see module),via company-permissions.ts role map,Y,YES,company-scoped ID,synthetic_OWNER_on_company_routes,COMPANY_ID,HIGH,VERIFIED,Deep-traced: permission + company-scoped repository
GET,/,absence-type.routes.ts,Y,AUTHENTICATED+COMPANY_CONTEXT,per-route (see module),via company-permissions.ts role map,Y,YES,ASSUMED_COMPANY_CONTEXT,synthetic_OWNER_on_company_routes,ASSUMED_COMPANY_CONTEXT,HIGH,PARTIAL,Shared authenticate+resolveCompanyContext+requirePermission pattern; repo not call-traced this phase
PATCH,/:id,absence-type.routes.ts,Y,AUTHENTICATED+COMPANY_CONTEXT,per-route (see module),via company-permissions.ts role map,Y,YES,ASSUMED_COMPANY_CONTEXT,synthetic_OWNER_on_company_routes,ASSUMED_COMPANY_CONTEXT,HIGH,PARTIAL,Shared authenticate+resolveCompanyContext+requirePermission pattern; repo not call-traced this phase
POST,/,attendance.routes.ts,Y,AUTHENTICATED+COMPANY_CONTEXT,attendance:review,via company-permissions.ts role map,Y,YES,company-scoped ID,synthetic_OWNER_on_company_routes,COMPANY_ID,HIGH,DEFECT,Authz OK (attendance:review) but client statuses trusted LOC-P1-002
POST,/manual/preview,attendance.routes.ts,Y,AUTHENTICATED+COMPANY_CONTEXT,per-route (see module),via company-permissions.ts role map,Y,YES,company-scoped ID,synthetic_OWNER_on_company_routes,COMPANY_ID,HIGH,VERIFIED,Deep-traced: permission + company-scoped repository
POST,/manual,attendance.routes.ts,Y,AUTHENTICATED+COMPANY_CONTEXT,per-route (see module),via company-permissions.ts role map,Y,YES,company-scoped ID,synthetic_OWNER_on_company_routes,COMPANY_ID,HIGH,VERIFIED,Deep-traced: permission + company-scoped repository
PATCH,/:id/manual,attendance.routes.ts,Y,AUTHENTICATED+COMPANY_CONTEXT,per-route (see module),via company-permissions.ts role map,Y,YES,company-scoped ID,synthetic_OWNER_on_company_routes,COMPANY_ID,HIGH,VERIFIED,Deep-traced: permission + company-scoped repository
GET,/,attendance.routes.ts,Y,AUTHENTICATED+COMPANY_CONTEXT,per-route (see module),via company-permissions.ts role map,Y,YES,company-scoped ID,synthetic_OWNER_on_company_routes,COMPANY_ID,HIGH,VERIFIED,Deep-traced: permission + company-scoped repository
GET,/export.csv,attendance.routes.ts,Y,AUTHENTICATED+COMPANY_CONTEXT,per-route (see module),via company-permissions.ts role map,Y,YES,company-scoped ID,synthetic_OWNER_on_company_routes,COMPANY_ID,HIGH,VERIFIED,Deep-traced: permission + company-scoped repository
PATCH,/:id/review,attendance.routes.ts,Y,AUTHENTICATED+COMPANY_CONTEXT,per-route (see module),via company-permissions.ts role map,Y,YES,company-scoped ID,synthetic_OWNER_on_company_routes,COMPANY_ID,HIGH,VERIFIED,Deep-traced: permission + company-scoped repository
GET,/:id/reviews,attendance.routes.ts,Y,AUTHENTICATED+COMPANY_CONTEXT,per-route (see module),via company-permissions.ts role map,Y,YES,company-scoped ID,synthetic_OWNER_on_company_routes,COMPANY_ID,HIGH,VERIFIED,Deep-traced: permission + company-scoped repository
GET,/:id/audit-logs,attendance.routes.ts,Y,AUTHENTICATED+COMPANY_CONTEXT,per-route (see module),via company-permissions.ts role map,Y,YES,company-scoped ID,synthetic_OWNER_on_company_routes,COMPANY_ID,HIGH,VERIFIED,Deep-traced: permission + company-scoped repository
GET,/:id,attendance.routes.ts,Y,AUTHENTICATED+COMPANY_CONTEXT,per-route (see module),via company-permissions.ts role map,Y,YES,company-scoped ID,synthetic_OWNER_on_company_routes,COMPANY_ID,HIGH,VERIFIED,Deep-traced: permission + company-scoped repository
POST,/login,auth.routes.ts,N,NONE,NONE,via company-permissions.ts role map,N,NO,token,N/A,N/A,HIGH,VERIFIED,Intentionally public auth surface
POST,/login/2fa,auth.routes.ts,N,NONE,NONE,via company-permissions.ts role map,N,NO,token,N/A,N/A,HIGH,VERIFIED,Intentionally public auth surface
POST,/forgot-password,auth.routes.ts,N,NONE,NONE,via company-permissions.ts role map,N,NO,token,N/A,N/A,HIGH,VERIFIED,Intentionally public auth surface
POST,/reset-password,auth.routes.ts,N,NONE,NONE,via company-permissions.ts role map,N,NO,token,N/A,N/A,HIGH,VERIFIED,Intentionally public auth surface
GET,/me,auth.routes.ts,Y,AUTHENTICATED,AUTHENTICATED,via company-permissions.ts role map,N,PARTIAL,UNKNOWN,N/A,UNKNOWN,HIGH,PARTIAL,Authenticated; tenant pattern not confirmed for this module
GET,/2fa/status,auth.routes.ts,Y,AUTHENTICATED,AUTHENTICATED,via company-permissions.ts role map,N,PARTIAL,UNKNOWN,N/A,UNKNOWN,HIGH,PARTIAL,Authenticated; tenant pattern not confirmed for this module
POST,/2fa/setup,auth.routes.ts,Y,AUTHENTICATED,AUTHENTICATED,via company-permissions.ts role map,N,PARTIAL,UNKNOWN,N/A,UNKNOWN,HIGH,PARTIAL,Authenticated; tenant pattern not confirmed for this module
POST,/2fa/confirm,auth.routes.ts,Y,AUTHENTICATED,AUTHENTICATED,via company-permissions.ts role map,N,PARTIAL,UNKNOWN,N/A,UNKNOWN,HIGH,PARTIAL,Authenticated; tenant pattern not confirmed for this module
POST,/2fa/disable,auth.routes.ts,Y,AUTHENTICATED,AUTHENTICATED,via company-permissions.ts role map,N,PARTIAL,UNKNOWN,N/A,UNKNOWN,HIGH,PARTIAL,Authenticated; tenant pattern not confirmed for this module
POST,/2fa/recovery-codes/regenerate,auth.routes.ts,Y,AUTHENTICATED,AUTHENTICATED,via company-permissions.ts role map,N,PARTIAL,UNKNOWN,N/A,UNKNOWN,HIGH,PARTIAL,Authenticated; tenant pattern not confirmed for this module
POST,/2fa/reconfigure/setup,auth.routes.ts,Y,AUTHENTICATED,AUTHENTICATED,via company-permissions.ts role map,N,PARTIAL,UNKNOWN,N/A,UNKNOWN,HIGH,PARTIAL,Authenticated; tenant pattern not confirmed for this module
POST,/2fa/reconfigure/confirm,auth.routes.ts,Y,AUTHENTICATED,AUTHENTICATED,via company-permissions.ts role map,N,PARTIAL,UNKNOWN,N/A,UNKNOWN,HIGH,PARTIAL,Authenticated; tenant pattern not confirmed for this module
DELETE,/2fa/reconfigure,auth.routes.ts,Y,AUTHENTICATED,AUTHENTICATED,via company-permissions.ts role map,N,PARTIAL,UNKNOWN,N/A,UNKNOWN,HIGH,PARTIAL,Authenticated; tenant pattern not confirmed for this module
POST,/session,bot-simulator.routes.ts,Y,AUTHENTICATED+COMPANY_CONTEXT,per-route (see module),via company-permissions.ts role map,Y,YES,ASSUMED_COMPANY_CONTEXT,synthetic_OWNER_on_company_routes,ASSUMED_COMPANY_CONTEXT,MEDIUM,PARTIAL,Shared authenticate+resolveCompanyContext+requirePermission pattern; repo not call-traced this phase
GET,/session/:id,bot-simulator.routes.ts,Y,AUTHENTICATED+COMPANY_CONTEXT,per-route (see module),via company-permissions.ts role map,Y,YES,ASSUMED_COMPANY_CONTEXT,synthetic_OWNER_on_company_routes,ASSUMED_COMPANY_CONTEXT,MEDIUM,PARTIAL,Shared authenticate+resolveCompanyContext+requirePermission pattern; repo not call-traced this phase
POST,/session/:id/restart,bot-simulator.routes.ts,Y,AUTHENTICATED+COMPANY_CONTEXT,per-route (see module),via company-permissions.ts role map,Y,YES,ASSUMED_COMPANY_CONTEXT,synthetic_OWNER_on_company_routes,ASSUMED_COMPANY_CONTEXT,MEDIUM,PARTIAL,Shared authenticate+resolveCompanyContext+requirePermission pattern; repo not call-traced this phase
GET,/session/:id/location-presets,bot-simulator.routes.ts,Y,AUTHENTICATED+COMPANY_CONTEXT,per-route (see module),via company-permissions.ts role map,Y,YES,ASSUMED_COMPANY_CONTEXT,synthetic_OWNER_on_company_routes,ASSUMED_COMPANY_CONTEXT,MEDIUM,PARTIAL,Shared authenticate+resolveCompanyContext+requirePermission pattern; repo not call-traced this phase
POST,/message,bot-simulator.routes.ts,Y,AUTHENTICATED+COMPANY_CONTEXT,per-route (see module),via company-permissions.ts role map,Y,YES,ASSUMED_COMPANY_CONTEXT,synthetic_OWNER_on_company_routes,ASSUMED_COMPANY_CONTEXT,MEDIUM,PARTIAL,Shared authenticate+resolveCompanyContext+requirePermission pattern; repo not call-traced this phase
POST,/location,bot-simulator.routes.ts,Y,AUTHENTICATED+COMPANY_CONTEXT,per-route (see module),via company-permissions.ts role map,Y,YES,ASSUMED_COMPANY_CONTEXT,synthetic_OWNER_on_company_routes,ASSUMED_COMPANY_CONTEXT,MEDIUM,PARTIAL,Shared authenticate+resolveCompanyContext+requirePermission pattern; repo not call-traced this phase
GET,/,company-user.routes.ts,Y,AUTHENTICATED+COMPANY_CONTEXT,per-route (see module),via company-permissions.ts role map,Y,YES,company-scoped ID,synthetic_OWNER_on_company_routes,COMPANY_ID,MEDIUM,VERIFIED,Deep-traced: permission + company-scoped repository
POST,/,company-user.routes.ts,Y,AUTHENTICATED+COMPANY_CONTEXT,per-route (see module),via company-permissions.ts role map,Y,YES,company-scoped ID,synthetic_OWNER_on_company_routes,COMPANY_ID,MEDIUM,VERIFIED,Deep-traced: permission + company-scoped repository
GET,/:userId,company-user.routes.ts,Y,AUTHENTICATED+COMPANY_CONTEXT,per-route (see module),via company-permissions.ts role map,Y,YES,company-scoped ID,synthetic_OWNER_on_company_routes,COMPANY_ID,MEDIUM,VERIFIED,Deep-traced: permission + company-scoped repository
PATCH,/:userId,company-user.routes.ts,Y,AUTHENTICATED+COMPANY_CONTEXT,per-route (see module),via company-permissions.ts role map,Y,YES,company-scoped ID,synthetic_OWNER_on_company_routes,COMPANY_ID,MEDIUM,VERIFIED,Deep-traced: permission + company-scoped repository
PATCH,/:userId/deactivate,company-user.routes.ts,Y,AUTHENTICATED+COMPANY_CONTEXT,per-route (see module),via company-permissions.ts role map,Y,YES,company-scoped ID,synthetic_OWNER_on_company_routes,COMPANY_ID,MEDIUM,VERIFIED,Deep-traced: permission + company-scoped repository
GET,/,company.routes.ts,Y,AUTHENTICATED,AUTHENTICATED,via company-permissions.ts role map,N,PARTIAL,UNKNOWN,N/A,UNKNOWN,MEDIUM,PARTIAL,Authenticated; tenant pattern not confirmed for this module
GET,/:companyId/me,company.routes.ts,Y,AUTHENTICATED,AUTHENTICATED,via company-permissions.ts role map,N,PARTIAL,UNKNOWN,N/A,UNKNOWN,MEDIUM,PARTIAL,Authenticated; tenant pattern not confirmed for this module
GET,/:companyId/roles/:role/capabilities,company.routes.ts,Y,AUTHENTICATED,AUTHENTICATED,via company-permissions.ts role map,N,PARTIAL,UNKNOWN,N/A,UNKNOWN,MEDIUM,PARTIAL,Authenticated; tenant pattern not confirmed for this module
GET,/:companyId/settings,company.routes.ts,Y,AUTHENTICATED,AUTHENTICATED,via company-permissions.ts role map,N,PARTIAL,UNKNOWN,N/A,UNKNOWN,MEDIUM,PARTIAL,Authenticated; tenant pattern not confirmed for this module
PATCH,/:companyId/settings,company.routes.ts,Y,AUTHENTICATED,AUTHENTICATED,via company-permissions.ts role map,N,PARTIAL,UNKNOWN,N/A,UNKNOWN,MEDIUM,PARTIAL,Authenticated; tenant pattern not confirmed for this module
PUT,/:companyId/settings/admin-alert-delivery-mode,company.routes.ts,Y,AUTHENTICATED,AUTHENTICATED,via company-permissions.ts role map,N,PARTIAL,UNKNOWN,N/A,UNKNOWN,MEDIUM,PARTIAL,Authenticated; tenant pattern not confirmed for this module
GET,/:companyId/settings/work-schedule,company.routes.ts,Y,AUTHENTICATED,AUTHENTICATED,via company-permissions.ts role map,N,PARTIAL,UNKNOWN,N/A,UNKNOWN,MEDIUM,PARTIAL,Authenticated; tenant pattern not confirmed for this module
PUT,/:companyId/settings/work-schedule,company.routes.ts,Y,AUTHENTICATED,AUTHENTICATED,via company-permissions.ts role map,N,PARTIAL,UNKNOWN,N/A,UNKNOWN,MEDIUM,PARTIAL,Authenticated; tenant pattern not confirmed for this module
GET,/:companyId/settings/absences,company.routes.ts,Y,AUTHENTICATED,AUTHENTICATED,via company-permissions.ts role map,N,PARTIAL,UNKNOWN,N/A,UNKNOWN,MEDIUM,PARTIAL,Authenticated; tenant pattern not confirmed for this module
PATCH,/:companyId/settings/absences,company.routes.ts,Y,AUTHENTICATED,AUTHENTICATED,via company-permissions.ts role map,N,PARTIAL,UNKNOWN,N/A,UNKNOWN,MEDIUM,PARTIAL,Authenticated; tenant pattern not confirmed for this module
GET,/:companyId/settings/whatsapp-quotas,company.routes.ts,Y,AUTHENTICATED,AUTHENTICATED,via company-permissions.ts role map,N,PARTIAL,UNKNOWN,N/A,UNKNOWN,MEDIUM,PARTIAL,Authenticated; tenant pattern not confirmed for this module
PATCH,/:companyId/settings/whatsapp-quotas,company.routes.ts,Y,AUTHENTICATED,AUTHENTICATED,via company-permissions.ts role map,N,PARTIAL,UNKNOWN,N/A,UNKNOWN,MEDIUM,PARTIAL,Authenticated; tenant pattern not confirmed for this module
GET,/:companyId/settings/location-types,company.routes.ts,Y,AUTHENTICATED,AUTHENTICATED,via company-permissions.ts role map,N,PARTIAL,UNKNOWN,N/A,UNKNOWN,MEDIUM,PARTIAL,Authenticated; tenant pattern not confirmed for this module
POST,/:companyId/settings/location-types,company.routes.ts,Y,AUTHENTICATED,AUTHENTICATED,via company-permissions.ts role map,N,PARTIAL,UNKNOWN,N/A,UNKNOWN,MEDIUM,PARTIAL,Authenticated; tenant pattern not confirmed for this module
PATCH,/:companyId/settings/location-types/:locationTypeId,company.routes.ts,Y,AUTHENTICATED,AUTHENTICATED,via company-permissions.ts role map,N,PARTIAL,UNKNOWN,N/A,UNKNOWN,MEDIUM,PARTIAL,Authenticated; tenant pattern not confirmed for this module
DELETE,/:companyId/settings/location-types/:locationTypeId,company.routes.ts,Y,AUTHENTICATED,AUTHENTICATED,via company-permissions.ts role map,N,PARTIAL,UNKNOWN,N/A,UNKNOWN,MEDIUM,PARTIAL,Authenticated; tenant pattern not confirmed for this module
GET,/:companyId/modules,company.routes.ts,Y,AUTHENTICATED,AUTHENTICATED,via company-permissions.ts role map,N,PARTIAL,UNKNOWN,N/A,UNKNOWN,MEDIUM,PARTIAL,Authenticated; tenant pattern not confirmed for this module
PATCH,/:companyId/modules,company.routes.ts,Y,AUTHENTICATED,AUTHENTICATED,via company-permissions.ts role map,N,PARTIAL,UNKNOWN,N/A,UNKNOWN,MEDIUM,PARTIAL,Authenticated; tenant pattern not confirmed for this module
GET,/:companyId/company-alert-recipients,company.routes.ts,Y,AUTHENTICATED,AUTHENTICATED,via company-permissions.ts role map,N,PARTIAL,UNKNOWN,N/A,UNKNOWN,MEDIUM,PARTIAL,Authenticated; tenant pattern not confirmed for this module
POST,/:companyId/company-alert-recipients,company.routes.ts,Y,AUTHENTICATED,AUTHENTICATED,via company-permissions.ts role map,N,PARTIAL,UNKNOWN,N/A,UNKNOWN,MEDIUM,PARTIAL,Authenticated; tenant pattern not confirmed for this module
PATCH,/:companyId/company-alert-recipients/:recipientId,company.routes.ts,Y,AUTHENTICATED,AUTHENTICATED,via company-permissions.ts role map,N,PARTIAL,UNKNOWN,N/A,UNKNOWN,MEDIUM,PARTIAL,Authenticated; tenant pattern not confirmed for this module
DELETE,/:companyId/company-alert-recipients/:recipientId,company.routes.ts,Y,AUTHENTICATED,AUTHENTICATED,via company-permissions.ts role map,N,PARTIAL,UNKNOWN,N/A,UNKNOWN,MEDIUM,PARTIAL,Authenticated; tenant pattern not confirmed for this module
GET,/:companyId/company-report-email-recipients,company.routes.ts,Y,AUTHENTICATED,AUTHENTICATED,via company-permissions.ts role map,N,PARTIAL,UNKNOWN,N/A,UNKNOWN,MEDIUM,PARTIAL,Authenticated; tenant pattern not confirmed for this module
POST,/:companyId/company-report-email-recipients,company.routes.ts,Y,AUTHENTICATED,AUTHENTICATED,via company-permissions.ts role map,N,PARTIAL,UNKNOWN,N/A,UNKNOWN,MEDIUM,PARTIAL,Authenticated; tenant pattern not confirmed for this module
PATCH,/:companyId/company-report-email-recipients/:recipientId,company.routes.ts,Y,AUTHENTICATED,AUTHENTICATED,via company-permissions.ts role map,N,PARTIAL,UNKNOWN,N/A,UNKNOWN,MEDIUM,PARTIAL,Authenticated; tenant pattern not confirmed for this module
DELETE,/:companyId/company-report-email-recipients/:recipientId,company.routes.ts,Y,AUTHENTICATED,AUTHENTICATED,via company-permissions.ts role map,N,PARTIAL,UNKNOWN,N/A,UNKNOWN,MEDIUM,PARTIAL,Authenticated; tenant pattern not confirmed for this module
POST,/:companyId/daily-attendance-reports/trigger,company.routes.ts,Y,AUTHENTICATED,AUTHENTICATED,via company-permissions.ts role map,N,PARTIAL,UNKNOWN,N/A,UNKNOWN,MEDIUM,PARTIAL,Authenticated; tenant pattern not confirmed for this module
POST,/run,dev-reminder.routes.ts,Y,AUTHENTICATED+COMPANY_CONTEXT,per-route (see module),via company-permissions.ts role map,Y,YES,ASSUMED_COMPANY_CONTEXT,synthetic_OWNER_on_company_routes,ASSUMED_COMPANY_CONTEXT,MEDIUM,PARTIAL,Shared authenticate+resolveCompanyContext+requirePermission pattern; repo not call-traced this phase
POST,/run-job-once,dev-reminder.routes.ts,Y,AUTHENTICATED+COMPANY_CONTEXT,per-route (see module),via company-permissions.ts role map,Y,YES,ASSUMED_COMPANY_CONTEXT,synthetic_OWNER_on_company_routes,ASSUMED_COMPANY_CONTEXT,MEDIUM,PARTIAL,Shared authenticate+resolveCompanyContext+requirePermission pattern; repo not call-traced this phase
POST,/test,dev-reminder.routes.ts,Y,AUTHENTICATED+COMPANY_CONTEXT,per-route (see module),via company-permissions.ts role map,Y,YES,ASSUMED_COMPANY_CONTEXT,synthetic_OWNER_on_company_routes,ASSUMED_COMPANY_CONTEXT,MEDIUM,PARTIAL,Shared authenticate+resolveCompanyContext+requirePermission pattern; repo not call-traced this phase
GET,/,employee-category.routes.ts,Y,AUTHENTICATED+COMPANY_CONTEXT,per-route (see module),via company-permissions.ts role map,Y,YES,ASSUMED_COMPANY_CONTEXT,synthetic_OWNER_on_company_routes,ASSUMED_COMPANY_CONTEXT,MEDIUM,PARTIAL,Shared authenticate+resolveCompanyContext+requirePermission pattern; repo not call-traced this phase
POST,/,employee-category.routes.ts,Y,AUTHENTICATED+COMPANY_CONTEXT,per-route (see module),via company-permissions.ts role map,Y,YES,ASSUMED_COMPANY_CONTEXT,synthetic_OWNER_on_company_routes,ASSUMED_COMPANY_CONTEXT,MEDIUM,PARTIAL,Shared authenticate+resolveCompanyContext+requirePermission pattern; repo not call-traced this phase
PATCH,/:categoryId,employee-category.routes.ts,Y,AUTHENTICATED+COMPANY_CONTEXT,per-route (see module),via company-permissions.ts role map,Y,YES,ASSUMED_COMPANY_CONTEXT,synthetic_OWNER_on_company_routes,ASSUMED_COMPANY_CONTEXT,MEDIUM,PARTIAL,Shared authenticate+resolveCompanyContext+requirePermission pattern; repo not call-traced this phase
POST,/,employee.routes.ts,Y,AUTHENTICATED+COMPANY_CONTEXT,per-route (see module),via company-permissions.ts role map,Y,YES,company-scoped ID,synthetic_OWNER_on_company_routes,COMPANY_ID,MEDIUM,VERIFIED,Deep-traced: permission + company-scoped repository
GET,/,employee.routes.ts,Y,AUTHENTICATED+COMPANY_CONTEXT,per-route (see module),via company-permissions.ts role map,Y,YES,company-scoped ID,synthetic_OWNER_on_company_routes,COMPANY_ID,MEDIUM,VERIFIED,Deep-traced: permission + company-scoped repository
GET,/:employeeId/absence-balances,employee.routes.ts,Y,AUTHENTICATED+COMPANY_CONTEXT,per-route (see module),via company-permissions.ts role map,Y,YES,company-scoped ID,synthetic_OWNER_on_company_routes,COMPANY_ID,MEDIUM,VERIFIED,Deep-traced: permission + company-scoped repository
PUT,/:employeeId/absence-balances/:absenceTypeId,employee.routes.ts,Y,AUTHENTICATED+COMPANY_CONTEXT,per-route (see module),via company-permissions.ts role map,Y,YES,company-scoped ID,synthetic_OWNER_on_company_routes,COMPANY_ID,MEDIUM,VERIFIED,Deep-traced: permission + company-scoped repository
GET,/:employeeId/absence-balances/:absenceTypeId/movements,employee.routes.ts,Y,AUTHENTICATED+COMPANY_CONTEXT,per-route (see module),via company-permissions.ts role map,Y,YES,company-scoped ID,synthetic_OWNER_on_company_routes,COMPANY_ID,MEDIUM,VERIFIED,Deep-traced: permission + company-scoped repository
POST,/:employeeId/absence-balances/:absenceTypeId/adjustments,employee.routes.ts,Y,AUTHENTICATED+COMPANY_CONTEXT,per-route (see module),via company-permissions.ts role map,Y,YES,company-scoped ID,synthetic_OWNER_on_company_routes,COMPANY_ID,MEDIUM,VERIFIED,Deep-traced: permission + company-scoped repository
POST,/:employeeId/absence-balances/:absenceTypeId/movements/:movementId/reversal,employee.routes.ts,Y,AUTHENTICATED+COMPANY_CONTEXT,per-route (see module),via company-permissions.ts role map,Y,YES,company-scoped ID,synthetic_OWNER_on_company_routes,COMPANY_ID,MEDIUM,VERIFIED,Deep-traced: permission + company-scoped repository
GET,/:id/deactivation-impact,employee.routes.ts,Y,AUTHENTICATED+COMPANY_CONTEXT,per-route (see module),via company-permissions.ts role map,Y,YES,company-scoped ID,synthetic_OWNER_on_company_routes,COMPANY_ID,MEDIUM,VERIFIED,Deep-traced: permission + company-scoped repository
GET,/:id/operational-availability,employee.routes.ts,Y,AUTHENTICATED+COMPANY_CONTEXT,per-route (see module),via company-permissions.ts role map,Y,YES,company-scoped ID,synthetic_OWNER_on_company_routes,COMPANY_ID,MEDIUM,VERIFIED,Deep-traced: permission + company-scoped repository
GET,/:id/operations,employee.routes.ts,Y,AUTHENTICATED+COMPANY_CONTEXT,per-route (see module),via company-permissions.ts role map,Y,YES,company-scoped ID,synthetic_OWNER_on_company_routes,COMPANY_ID,MEDIUM,VERIFIED,Deep-traced: permission + company-scoped repository
POST,/:id/deactivate,employee.routes.ts,Y,AUTHENTICATED+COMPANY_CONTEXT,per-route (see module),via company-permissions.ts role map,Y,YES,company-scoped ID,synthetic_OWNER_on_company_routes,COMPANY_ID,MEDIUM,VERIFIED,Deep-traced: permission + company-scoped repository
GET,/:id,employee.routes.ts,Y,AUTHENTICATED+COMPANY_CONTEXT,per-route (see module),via company-permissions.ts role map,Y,YES,company-scoped ID,synthetic_OWNER_on_company_routes,COMPANY_ID,MEDIUM,VERIFIED,Deep-traced: permission + company-scoped repository
PUT,/:id,employee.routes.ts,Y,AUTHENTICATED+COMPANY_CONTEXT,per-route (see module),via company-permissions.ts role map,Y,YES,company-scoped ID,synthetic_OWNER_on_company_routes,COMPANY_ID,MEDIUM,VERIFIED,Deep-traced: permission + company-scoped repository
DELETE,/:id,employee.routes.ts,Y,AUTHENTICATED+COMPANY_CONTEXT,per-route (see module),via company-permissions.ts role map,Y,YES,company-scoped ID,synthetic_OWNER_on_company_routes,COMPANY_ID,MEDIUM,VERIFIED,Deep-traced: permission + company-scoped repository
GET,/health,health.routes.ts,N,NONE,NONE,via company-permissions.ts role map,N,NO,token,N/A,N/A,MEDIUM,VERIFIED,Intentionally public auth surface
GET,/health/database,health.routes.ts,N,NONE,NONE,via company-permissions.ts role map,N,NO,token,N/A,N/A,MEDIUM,VERIFIED,Intentionally public auth surface
GET,/health/ready,health.routes.ts,N,NONE,NONE,via company-permissions.ts role map,N,NO,token,N/A,N/A,MEDIUM,VERIFIED,Intentionally public auth surface
GET,/ready,health.routes.ts,N,NONE,NONE,via company-permissions.ts role map,N,NO,token,N/A,N/A,MEDIUM,VERIFIED,Intentionally public auth surface
GET,/:entityType/template,import.routes.ts,Y,AUTHENTICATED+COMPANY_CONTEXT,per-route (see module),via company-permissions.ts role map,Y,YES,company-scoped ID,synthetic_OWNER_on_company_routes,COMPANY_ID,HIGH,VERIFIED,Deep-traced: permission + company-scoped repository
POST,/:entityType/preview,import.routes.ts,Y,AUTHENTICATED+COMPANY_CONTEXT,per-route (see module),via company-permissions.ts role map,Y,YES,company-scoped ID,synthetic_OWNER_on_company_routes,COMPANY_ID,HIGH,VERIFIED,Deep-traced: permission + company-scoped repository
POST,/:entityType/execute,import.routes.ts,Y,AUTHENTICATED+COMPANY_CONTEXT,per-route (see module),via company-permissions.ts role map,Y,YES,company-scoped ID,synthetic_OWNER_on_company_routes,COMPANY_ID,HIGH,VERIFIED,Deep-traced: permission + company-scoped repository
GET,/,location-zone.routes.ts,Y,AUTHENTICATED+COMPANY_CONTEXT,per-route (see module),via company-permissions.ts role map,Y,YES,ASSUMED_COMPANY_CONTEXT,synthetic_OWNER_on_company_routes,ASSUMED_COMPANY_CONTEXT,MEDIUM,PARTIAL,Shared authenticate+resolveCompanyContext+requirePermission pattern; repo not call-traced this phase
GET,/search,location-zone.routes.ts,Y,AUTHENTICATED+COMPANY_CONTEXT,per-route (see module),via company-permissions.ts role map,Y,YES,ASSUMED_COMPANY_CONTEXT,synthetic_OWNER_on_company_routes,ASSUMED_COMPANY_CONTEXT,MEDIUM,PARTIAL,Shared authenticate+resolveCompanyContext+requirePermission pattern; repo not call-traced this phase
GET,/geocoding-summary,location-zone.routes.ts,Y,AUTHENTICATED+COMPANY_CONTEXT,per-route (see module),via company-permissions.ts role map,Y,YES,ASSUMED_COMPANY_CONTEXT,synthetic_OWNER_on_company_routes,ASSUMED_COMPANY_CONTEXT,MEDIUM,PARTIAL,Shared authenticate+resolveCompanyContext+requirePermission pattern; repo not call-traced this phase
POST,/,location-zone.routes.ts,Y,AUTHENTICATED+COMPANY_CONTEXT,per-route (see module),via company-permissions.ts role map,Y,YES,ASSUMED_COMPANY_CONTEXT,synthetic_OWNER_on_company_routes,ASSUMED_COMPANY_CONTEXT,MEDIUM,PARTIAL,Shared authenticate+resolveCompanyContext+requirePermission pattern; repo not call-traced this phase
PATCH,/:zoneId,location-zone.routes.ts,Y,AUTHENTICATED+COMPANY_CONTEXT,per-route (see module),via company-permissions.ts role map,Y,YES,ASSUMED_COMPANY_CONTEXT,synthetic_OWNER_on_company_routes,ASSUMED_COMPANY_CONTEXT,MEDIUM,PARTIAL,Shared authenticate+resolveCompanyContext+requirePermission pattern; repo not call-traced this phase
POST,/:zoneId/geocode,location-zone.routes.ts,Y,AUTHENTICATED+COMPANY_CONTEXT,per-route (see module),via company-permissions.ts role map,Y,YES,ASSUMED_COMPANY_CONTEXT,synthetic_OWNER_on_company_routes,ASSUMED_COMPANY_CONTEXT,MEDIUM,PARTIAL,Shared authenticate+resolveCompanyContext+requirePermission pattern; repo not call-traced this phase
GET,/employees,lookup.routes.ts,Y,AUTHENTICATED+COMPANY_CONTEXT,per-route (see module),via company-permissions.ts role map,Y,YES,ASSUMED_COMPANY_CONTEXT,synthetic_OWNER_on_company_routes,ASSUMED_COMPANY_CONTEXT,MEDIUM,PARTIAL,Shared authenticate+resolveCompanyContext+requirePermission pattern; repo not call-traced this phase
GET,/workers,lookup.routes.ts,Y,AUTHENTICATED+COMPANY_CONTEXT,per-route (see module),via company-permissions.ts role map,Y,YES,ASSUMED_COMPANY_CONTEXT,synthetic_OWNER_on_company_routes,ASSUMED_COMPANY_CONTEXT,MEDIUM,PARTIAL,Shared authenticate+resolveCompanyContext+requirePermission pattern; repo not call-traced this phase
GET,/services,lookup.routes.ts,Y,AUTHENTICATED+COMPANY_CONTEXT,per-route (see module),via company-permissions.ts role map,Y,YES,ASSUMED_COMPANY_CONTEXT,synthetic_OWNER_on_company_routes,ASSUMED_COMPANY_CONTEXT,MEDIUM,PARTIAL,Shared authenticate+resolveCompanyContext+requirePermission pattern; repo not call-traced this phase
GET,/operations,lookup.routes.ts,Y,AUTHENTICATED+COMPANY_CONTEXT,per-route (see module),via company-permissions.ts role map,Y,YES,ASSUMED_COMPANY_CONTEXT,synthetic_OWNER_on_company_routes,ASSUMED_COMPANY_CONTEXT,MEDIUM,PARTIAL,Shared authenticate+resolveCompanyContext+requirePermission pattern; repo not call-traced this phase
POST,/batch,operation-assignment.routes.ts,Y,AUTHENTICATED+COMPANY_CONTEXT,per-route (see module),via company-permissions.ts role map,Y,YES,ASSUMED_COMPANY_CONTEXT,synthetic_OWNER_on_company_routes,ASSUMED_COMPANY_CONTEXT,MEDIUM,PARTIAL,Shared authenticate+resolveCompanyContext+requirePermission pattern; repo not call-traced this phase
POST,/,operation-assignment.routes.ts,Y,AUTHENTICATED+COMPANY_CONTEXT,per-route (see module),via company-permissions.ts role map,Y,YES,ASSUMED_COMPANY_CONTEXT,synthetic_OWNER_on_company_routes,ASSUMED_COMPANY_CONTEXT,MEDIUM,PARTIAL,Shared authenticate+resolveCompanyContext+requirePermission pattern; repo not call-traced this phase
GET,/,operation-assignment.routes.ts,Y,AUTHENTICATED+COMPANY_CONTEXT,per-route (see module),via company-permissions.ts role map,Y,YES,ASSUMED_COMPANY_CONTEXT,synthetic_OWNER_on_company_routes,ASSUMED_COMPANY_CONTEXT,MEDIUM,PARTIAL,Shared authenticate+resolveCompanyContext+requirePermission pattern; repo not call-traced this phase
POST,/:assignmentId/cancel,operation-assignment.routes.ts,Y,AUTHENTICATED+COMPANY_CONTEXT,per-route (see module),via company-permissions.ts role map,Y,YES,ASSUMED_COMPANY_CONTEXT,synthetic_OWNER_on_company_routes,ASSUMED_COMPANY_CONTEXT,MEDIUM,PARTIAL,Shared authenticate+resolveCompanyContext+requirePermission pattern; repo not call-traced this phase
POST,/:assignmentId/end,operation-assignment.routes.ts,Y,AUTHENTICATED+COMPANY_CONTEXT,per-route (see module),via company-permissions.ts role map,Y,YES,ASSUMED_COMPANY_CONTEXT,synthetic_OWNER_on_company_routes,ASSUMED_COMPANY_CONTEXT,MEDIUM,PARTIAL,Shared authenticate+resolveCompanyContext+requirePermission pattern; repo not call-traced this phase
DELETE,/:assignmentId,operation-assignment.routes.ts,Y,AUTHENTICATED+COMPANY_CONTEXT,per-route (see module),via company-permissions.ts role map,Y,YES,ASSUMED_COMPANY_CONTEXT,synthetic_OWNER_on_company_routes,ASSUMED_COMPANY_CONTEXT,MEDIUM,PARTIAL,Shared authenticate+resolveCompanyContext+requirePermission pattern; repo not call-traced this phase
GET,/,operation-shift.routes.ts,Y,AUTHENTICATED+COMPANY_CONTEXT,per-route (see module),via company-permissions.ts role map,Y,YES,ASSUMED_COMPANY_CONTEXT,synthetic_OWNER_on_company_routes,ASSUMED_COMPANY_CONTEXT,MEDIUM,PARTIAL,Shared authenticate+resolveCompanyContext+requirePermission pattern; repo not call-traced this phase
POST,/,operation-shift.routes.ts,Y,AUTHENTICATED+COMPANY_CONTEXT,per-route (see module),via company-permissions.ts role map,Y,YES,ASSUMED_COMPANY_CONTEXT,synthetic_OWNER_on_company_routes,ASSUMED_COMPANY_CONTEXT,MEDIUM,PARTIAL,Shared authenticate+resolveCompanyContext+requirePermission pattern; repo not call-traced this phase
PATCH,/:templateId,operation-shift.routes.ts,Y,AUTHENTICATED+COMPANY_CONTEXT,per-route (see module),via company-permissions.ts role map,Y,YES,ASSUMED_COMPANY_CONTEXT,synthetic_OWNER_on_company_routes,ASSUMED_COMPANY_CONTEXT,MEDIUM,PARTIAL,Shared authenticate+resolveCompanyContext+requirePermission pattern; repo not call-traced this phase
DELETE,/:templateId,operation-shift.routes.ts,Y,AUTHENTICATED+COMPANY_CONTEXT,per-route (see module),via company-permissions.ts role map,Y,YES,ASSUMED_COMPANY_CONTEXT,synthetic_OWNER_on_company_routes,ASSUMED_COMPANY_CONTEXT,MEDIUM,PARTIAL,Shared authenticate+resolveCompanyContext+requirePermission pattern; repo not call-traced this phase
GET,/,operation-shift.routes.ts,Y,AUTHENTICATED+COMPANY_CONTEXT,per-route (see module),via company-permissions.ts role map,Y,YES,ASSUMED_COMPANY_CONTEXT,synthetic_OWNER_on_company_routes,ASSUMED_COMPANY_CONTEXT,MEDIUM,PARTIAL,Shared authenticate+resolveCompanyContext+requirePermission pattern; repo not call-traced this phase
POST,/,operation-shift.routes.ts,Y,AUTHENTICATED+COMPANY_CONTEXT,per-route (see module),via company-permissions.ts role map,Y,YES,ASSUMED_COMPANY_CONTEXT,synthetic_OWNER_on_company_routes,ASSUMED_COMPANY_CONTEXT,MEDIUM,PARTIAL,Shared authenticate+resolveCompanyContext+requirePermission pattern; repo not call-traced this phase
PATCH,/:shiftId,operation-shift.routes.ts,Y,AUTHENTICATED+COMPANY_CONTEXT,per-route (see module),via company-permissions.ts role map,Y,YES,ASSUMED_COMPANY_CONTEXT,synthetic_OWNER_on_company_routes,ASSUMED_COMPANY_CONTEXT,MEDIUM,PARTIAL,Shared authenticate+resolveCompanyContext+requirePermission pattern; repo not call-traced this phase
DELETE,/:shiftId,operation-shift.routes.ts,Y,AUTHENTICATED+COMPANY_CONTEXT,per-route (see module),via company-permissions.ts role map,Y,YES,ASSUMED_COMPANY_CONTEXT,synthetic_OWNER_on_company_routes,ASSUMED_COMPANY_CONTEXT,MEDIUM,PARTIAL,Shared authenticate+resolveCompanyContext+requirePermission pattern; repo not call-traced this phase
POST,/:shiftId/versions,operation-shift.routes.ts,Y,AUTHENTICATED+COMPANY_CONTEXT,per-route (see module),via company-permissions.ts role map,Y,YES,ASSUMED_COMPANY_CONTEXT,synthetic_OWNER_on_company_routes,ASSUMED_COMPANY_CONTEXT,MEDIUM,PARTIAL,Shared authenticate+resolveCompanyContext+requirePermission pattern; repo not call-traced this phase
POST,/:shiftId/exceptions,operation-shift.routes.ts,Y,AUTHENTICATED+COMPANY_CONTEXT,per-route (see module),via company-permissions.ts role map,Y,YES,ASSUMED_COMPANY_CONTEXT,synthetic_OWNER_on_company_routes,ASSUMED_COMPANY_CONTEXT,MEDIUM,PARTIAL,Shared authenticate+resolveCompanyContext+requirePermission pattern; repo not call-traced this phase
POST,/multi-shift,operation-shift.routes.ts,Y,AUTHENTICATED+COMPANY_CONTEXT,per-route (see module),via company-permissions.ts role map,Y,YES,ASSUMED_COMPANY_CONTEXT,synthetic_OWNER_on_company_routes,ASSUMED_COMPANY_CONTEXT,MEDIUM,PARTIAL,Shared authenticate+resolveCompanyContext+requirePermission pattern; repo not call-traced this phase
POST,/single,operation-shift.routes.ts,Y,AUTHENTICATED+COMPANY_CONTEXT,per-route (see module),via company-permissions.ts role map,Y,YES,ASSUMED_COMPANY_CONTEXT,synthetic_OWNER_on_company_routes,ASSUMED_COMPANY_CONTEXT,MEDIUM,PARTIAL,Shared authenticate+resolveCompanyContext+requirePermission pattern; repo not call-traced this phase
POST,/,operation.routes.ts,Y,AUTHENTICATED+COMPANY_CONTEXT,per-route (see module),via company-permissions.ts role map,Y,YES,company-scoped ID,synthetic_OWNER_on_company_routes,COMPANY_ID,MEDIUM,VERIFIED,Deep-traced: permission + company-scoped repository
POST,/import/preview,operation.routes.ts,Y,AUTHENTICATED+COMPANY_CONTEXT,per-route (see module),via company-permissions.ts role map,Y,YES,company-scoped ID,synthetic_OWNER_on_company_routes,COMPANY_ID,MEDIUM,VERIFIED,Deep-traced: permission + company-scoped repository
POST,/import/confirm,operation.routes.ts,Y,AUTHENTICATED+COMPANY_CONTEXT,per-route (see module),via company-permissions.ts role map,Y,YES,company-scoped ID,synthetic_OWNER_on_company_routes,COMPANY_ID,MEDIUM,VERIFIED,Deep-traced: permission + company-scoped repository
GET,/,operation.routes.ts,Y,AUTHENTICATED+COMPANY_CONTEXT,per-route (see module),via company-permissions.ts role map,Y,YES,company-scoped ID,synthetic_OWNER_on_company_routes,COMPANY_ID,MEDIUM,VERIFIED,Deep-traced: permission + company-scoped repository
GET,/:id/recommendations/employees,operation.routes.ts,Y,AUTHENTICATED+COMPANY_CONTEXT,per-route (see module),via company-permissions.ts role map,Y,YES,company-scoped ID,synthetic_OWNER_on_company_routes,COMPANY_ID,MEDIUM,VERIFIED,Deep-traced: permission + company-scoped repository
POST,/:id/recommendations/team,operation.routes.ts,Y,AUTHENTICATED+COMPANY_CONTEXT,per-route (see module),via company-permissions.ts role map,Y,YES,company-scoped ID,synthetic_OWNER_on_company_routes,COMPANY_ID,MEDIUM,VERIFIED,Deep-traced: permission + company-scoped repository
GET,/:id/attendance-summary,operation.routes.ts,Y,AUTHENTICATED+COMPANY_CONTEXT,per-route (see module),via company-permissions.ts role map,Y,YES,company-scoped ID,synthetic_OWNER_on_company_routes,COMPANY_ID,MEDIUM,VERIFIED,Deep-traced: permission + company-scoped repository
GET,/:id/workdays,operation.routes.ts,Y,AUTHENTICATED+COMPANY_CONTEXT,per-route (see module),via company-permissions.ts role map,Y,YES,company-scoped ID,synthetic_OWNER_on_company_routes,COMPANY_ID,MEDIUM,VERIFIED,Deep-traced: permission + company-scoped repository
GET,/:id/workdays/:workdayId,operation.routes.ts,Y,AUTHENTICATED+COMPANY_CONTEXT,per-route (see module),via company-permissions.ts role map,Y,YES,company-scoped ID,synthetic_OWNER_on_company_routes,COMPANY_ID,MEDIUM,VERIFIED,Deep-traced: permission + company-scoped repository
POST,/:id/materialize-workdays,operation.routes.ts,Y,AUTHENTICATED+COMPANY_CONTEXT,per-route (see module),via company-permissions.ts role map,Y,YES,company-scoped ID,synthetic_OWNER_on_company_routes,COMPANY_ID,MEDIUM,VERIFIED,Deep-traced: permission + company-scoped repository
POST,/:id/reactivate,operation.routes.ts,Y,AUTHENTICATED+COMPANY_CONTEXT,per-route (see module),via company-permissions.ts role map,Y,YES,company-scoped ID,synthetic_OWNER_on_company_routes,COMPANY_ID,MEDIUM,VERIFIED,Deep-traced: permission + company-scoped repository
GET,/:id,operation.routes.ts,Y,AUTHENTICATED+COMPANY_CONTEXT,per-route (see module),via company-permissions.ts role map,Y,YES,company-scoped ID,synthetic_OWNER_on_company_routes,COMPANY_ID,MEDIUM,VERIFIED,Deep-traced: permission + company-scoped repository
PUT,/:id,operation.routes.ts,Y,AUTHENTICATED+COMPANY_CONTEXT,per-route (see module),via company-permissions.ts role map,Y,YES,company-scoped ID,synthetic_OWNER_on_company_routes,COMPANY_ID,MEDIUM,VERIFIED,Deep-traced: permission + company-scoped repository
DELETE,/:id,operation.routes.ts,Y,AUTHENTICATED+COMPANY_CONTEXT,per-route (see module),via company-permissions.ts role map,Y,YES,company-scoped ID,synthetic_OWNER_on_company_routes,COMPANY_ID,MEDIUM,VERIFIED,Deep-traced: permission + company-scoped repository
POST,/,payroll-receipt.routes.ts,Y,AUTHENTICATED+COMPANY_CONTEXT,per-route (see module),via company-permissions.ts role map,Y,YES,company-scoped ID,synthetic_OWNER_on_company_routes,COMPANY_ID,HIGH,VERIFIED,Deep-traced: permission + company-scoped repository
GET,/,payroll-receipt.routes.ts,Y,AUTHENTICATED+COMPANY_CONTEXT,per-route (see module),via company-permissions.ts role map,Y,YES,company-scoped ID,synthetic_OWNER_on_company_routes,COMPANY_ID,HIGH,VERIFIED,Deep-traced: permission + company-scoped repository
GET,/:batchId,payroll-receipt.routes.ts,Y,AUTHENTICATED+COMPANY_CONTEXT,per-route (see module),via company-permissions.ts role map,Y,YES,company-scoped ID,synthetic_OWNER_on_company_routes,COMPANY_ID,HIGH,VERIFIED,Deep-traced: permission + company-scoped repository
POST,/:batchId/receipts,payroll-receipt.routes.ts,Y,AUTHENTICATED+COMPANY_CONTEXT,per-route (see module),via company-permissions.ts role map,Y,YES,company-scoped ID,synthetic_OWNER_on_company_routes,COMPANY_ID,HIGH,VERIFIED,Deep-traced: permission + company-scoped repository
GET,/,payroll-receipt.routes.ts,Y,AUTHENTICATED+COMPANY_CONTEXT,per-route (see module),via company-permissions.ts role map,Y,YES,company-scoped ID,synthetic_OWNER_on_company_routes,COMPANY_ID,HIGH,VERIFIED,Deep-traced: permission + company-scoped repository
GET,/:id,payroll-receipt.routes.ts,Y,AUTHENTICATED+COMPANY_CONTEXT,per-route (see module),via company-permissions.ts role map,Y,YES,company-scoped ID,synthetic_OWNER_on_company_routes,COMPANY_ID,HIGH,VERIFIED,Deep-traced: permission + company-scoped repository
GET,/:id/content,payroll-receipt.routes.ts,Y,AUTHENTICATED+COMPANY_CONTEXT,per-route (see module),via company-permissions.ts role map,Y,YES,company-scoped ID,synthetic_OWNER_on_company_routes,COMPANY_ID,HIGH,VERIFIED,Deep-traced: permission + company-scoped repository
POST,/:id/replace,payroll-receipt.routes.ts,Y,AUTHENTICATED+COMPANY_CONTEXT,per-route (see module),via company-permissions.ts role map,Y,YES,company-scoped ID,synthetic_OWNER_on_company_routes,COMPANY_ID,HIGH,VERIFIED,Deep-traced: permission + company-scoped repository
DELETE,/:id,payroll-receipt.routes.ts,Y,AUTHENTICATED+COMPANY_CONTEXT,per-route (see module),via company-permissions.ts role map,Y,YES,company-scoped ID,synthetic_OWNER_on_company_routes,COMPANY_ID,HIGH,VERIFIED,Deep-traced: permission + company-scoped repository
POST,/:id/reconcile-association,payroll-receipt.routes.ts,Y,AUTHENTICATED+COMPANY_CONTEXT,per-route (see module),via company-permissions.ts role map,Y,YES,company-scoped ID,synthetic_OWNER_on_company_routes,COMPANY_ID,HIGH,VERIFIED,Deep-traced: permission + company-scoped repository
GET,/companies,platform-company.routes.ts,Y,AUTHENTICATED,AUTHENTICATED,via company-permissions.ts role map,PLATFORM,PARTIAL,UNKNOWN,requirePlatformAdmin,UNKNOWN,HIGH,PARTIAL,Authenticated; tenant pattern not confirmed for this module
POST,/companies,platform-company.routes.ts,Y,AUTHENTICATED,AUTHENTICATED,via company-permissions.ts role map,PLATFORM,PARTIAL,UNKNOWN,requirePlatformAdmin,UNKNOWN,HIGH,PARTIAL,Authenticated; tenant pattern not confirmed for this module
POST,/companies/:companyId/deactivate,platform-company.routes.ts,Y,AUTHENTICATED,AUTHENTICATED,via company-permissions.ts role map,PLATFORM,PARTIAL,UNKNOWN,requirePlatformAdmin,UNKNOWN,HIGH,PARTIAL,Authenticated; tenant pattern not confirmed for this module
POST,/companies/:companyId/reactivate,platform-company.routes.ts,Y,AUTHENTICATED,AUTHENTICATED,via company-permissions.ts role map,PLATFORM,PARTIAL,UNKNOWN,requirePlatformAdmin,UNKNOWN,HIGH,PARTIAL,Authenticated; tenant pattern not confirmed for this module
GET,/companies/:companyId/deletion-status,platform-company.routes.ts,Y,AUTHENTICATED,AUTHENTICATED,via company-permissions.ts role map,PLATFORM,PARTIAL,UNKNOWN,requirePlatformAdmin,UNKNOWN,HIGH,PARTIAL,Authenticated; tenant pattern not confirmed for this module
GET,/companies/:companyId/whatsapp/payroll-query-deliveries/reconciliation-required,platform-company.routes.ts,Y,AUTHENTICATED,AUTHENTICATED,via company-permissions.ts role map,PLATFORM,PARTIAL,UNKNOWN,requirePlatformAdmin,UNKNOWN,HIGH,PARTIAL,Authenticated; tenant pattern not confirmed for this module
POST,/companies/:companyId/whatsapp/payroll-query-deliveries/:deliveryId/reconcile,platform-company.routes.ts,Y,AUTHENTICATED,AUTHENTICATED,via company-permissions.ts role map,PLATFORM,PARTIAL,UNKNOWN,requirePlatformAdmin,UNKNOWN,HIGH,PARTIAL,Authenticated; tenant pattern not confirmed for this module
GET,/status,platform-server-status.routes.ts,Y,AUTHENTICATED,AUTHENTICATED,via company-permissions.ts role map,PLATFORM,PARTIAL,UNKNOWN,requirePlatformAdmin,UNKNOWN,HIGH,PARTIAL,Authenticated; tenant pattern not confirmed for this module
POST,/,service.routes.ts,Y,AUTHENTICATED+COMPANY_CONTEXT,per-route (see module),via company-permissions.ts role map,Y,YES,ASSUMED_COMPANY_CONTEXT,synthetic_OWNER_on_company_routes,ASSUMED_COMPANY_CONTEXT,MEDIUM,PARTIAL,Shared authenticate+resolveCompanyContext+requirePermission pattern; repo not call-traced this phase
GET,/,service.routes.ts,Y,AUTHENTICATED+COMPANY_CONTEXT,per-route (see module),via company-permissions.ts role map,Y,YES,ASSUMED_COMPANY_CONTEXT,synthetic_OWNER_on_company_routes,ASSUMED_COMPANY_CONTEXT,MEDIUM,PARTIAL,Shared authenticate+resolveCompanyContext+requirePermission pattern; repo not call-traced this phase
GET,/facets,service.routes.ts,Y,AUTHENTICATED+COMPANY_CONTEXT,per-route (see module),via company-permissions.ts role map,Y,YES,ASSUMED_COMPANY_CONTEXT,synthetic_OWNER_on_company_routes,ASSUMED_COMPANY_CONTEXT,MEDIUM,PARTIAL,Shared authenticate+resolveCompanyContext+requirePermission pattern; repo not call-traced this phase
GET,/:id,service.routes.ts,Y,AUTHENTICATED+COMPANY_CONTEXT,per-route (see module),via company-permissions.ts role map,Y,YES,ASSUMED_COMPANY_CONTEXT,synthetic_OWNER_on_company_routes,ASSUMED_COMPANY_CONTEXT,MEDIUM,PARTIAL,Shared authenticate+resolveCompanyContext+requirePermission pattern; repo not call-traced this phase
PUT,/:id,service.routes.ts,Y,AUTHENTICATED+COMPANY_CONTEXT,per-route (see module),via company-permissions.ts role map,Y,YES,ASSUMED_COMPANY_CONTEXT,synthetic_OWNER_on_company_routes,ASSUMED_COMPANY_CONTEXT,MEDIUM,PARTIAL,Shared authenticate+resolveCompanyContext+requirePermission pattern; repo not call-traced this phase
DELETE,/:id,service.routes.ts,Y,AUTHENTICATED+COMPANY_CONTEXT,per-route (see module),via company-permissions.ts role map,Y,YES,ASSUMED_COMPANY_CONTEXT,synthetic_OWNER_on_company_routes,ASSUMED_COMPANY_CONTEXT,MEDIUM,PARTIAL,Shared authenticate+resolveCompanyContext+requirePermission pattern; repo not call-traced this phase
GET,/attendance/summary,statistics.routes.ts,Y,AUTHENTICATED+COMPANY_CONTEXT,per-route (see module),via company-permissions.ts role map,Y,YES,company-scoped ID,synthetic_OWNER_on_company_routes,COMPANY_ID,MEDIUM,VERIFIED,Deep-traced: permission + company-scoped repository
GET,/attendance/timeline,statistics.routes.ts,Y,AUTHENTICATED+COMPANY_CONTEXT,per-route (see module),via company-permissions.ts role map,Y,YES,company-scoped ID,synthetic_OWNER_on_company_routes,COMPANY_ID,MEDIUM,VERIFIED,Deep-traced: permission + company-scoped repository
GET,/attendance/status-distribution,statistics.routes.ts,Y,AUTHENTICATED+COMPANY_CONTEXT,per-route (see module),via company-permissions.ts role map,Y,YES,company-scoped ID,synthetic_OWNER_on_company_routes,COMPANY_ID,MEDIUM,VERIFIED,Deep-traced: permission + company-scoped repository
GET,/attendance/action-exceptions,statistics.routes.ts,Y,AUTHENTICATED+COMPANY_CONTEXT,per-route (see module),via company-permissions.ts role map,Y,YES,company-scoped ID,synthetic_OWNER_on_company_routes,COMPANY_ID,MEDIUM,VERIFIED,Deep-traced: permission + company-scoped repository
GET,/attendance/by-employee,statistics.routes.ts,Y,AUTHENTICATED+COMPANY_CONTEXT,per-route (see module),via company-permissions.ts role map,Y,YES,company-scoped ID,synthetic_OWNER_on_company_routes,COMPANY_ID,MEDIUM,VERIFIED,Deep-traced: permission + company-scoped repository
GET,/attendance/by-operation,statistics.routes.ts,Y,AUTHENTICATED+COMPANY_CONTEXT,per-route (see module),via company-permissions.ts role map,Y,YES,company-scoped ID,synthetic_OWNER_on_company_routes,COMPANY_ID,MEDIUM,VERIFIED,Deep-traced: permission + company-scoped repository
GET,/attendance/by-service,statistics.routes.ts,Y,AUTHENTICATED+COMPANY_CONTEXT,per-route (see module),via company-permissions.ts role map,Y,YES,company-scoped ID,synthetic_OWNER_on_company_routes,COMPANY_ID,MEDIUM,VERIFIED,Deep-traced: permission + company-scoped repository
GET,/attendance/workday-details,statistics.routes.ts,Y,AUTHENTICATED+COMPANY_CONTEXT,per-route (see module),via company-permissions.ts role map,Y,YES,company-scoped ID,synthetic_OWNER_on_company_routes,COMPANY_ID,MEDIUM,VERIFIED,Deep-traced: permission + company-scoped repository
GET,/attendance/incident-details,statistics.routes.ts,Y,AUTHENTICATED+COMPANY_CONTEXT,per-route (see module),via company-permissions.ts role map,Y,YES,company-scoped ID,synthetic_OWNER_on_company_routes,COMPANY_ID,MEDIUM,VERIFIED,Deep-traced: permission + company-scoped repository
GET,/options,system-logs.routes.ts,Y,AUTHENTICATED,platform_admin,via company-permissions.ts role map,N,PARTIAL,GLOBAL_BY_DESIGN,requirePlatformAdmin,GLOBAL_BY_DESIGN,MEDIUM,VERIFIED,requirePlatformAdmin; cross-tenant by design
GET,/,system-logs.routes.ts,Y,AUTHENTICATED,platform_admin,via company-permissions.ts role map,N,PARTIAL,GLOBAL_BY_DESIGN,requirePlatformAdmin,GLOBAL_BY_DESIGN,MEDIUM,VERIFIED,requirePlatformAdmin; cross-tenant by design
GET,/:id/context,system-logs.routes.ts,Y,AUTHENTICATED,platform_admin,via company-permissions.ts role map,N,PARTIAL,GLOBAL_BY_DESIGN,requirePlatformAdmin,GLOBAL_BY_DESIGN,MEDIUM,VERIFIED,requirePlatformAdmin; cross-tenant by design
GET,/:id,system-logs.routes.ts,Y,AUTHENTICATED,platform_admin,via company-permissions.ts role map,N,PARTIAL,GLOBAL_BY_DESIGN,requirePlatformAdmin,GLOBAL_BY_DESIGN,MEDIUM,VERIFIED,requirePlatformAdmin; cross-tenant by design
POST,/whatsapp,twilio.routes.ts,N,TWILIO_SIGNATURE,TWILIO_OR_TOKEN,via company-permissions.ts role map,N,NO,token,N/A,N/A,HIGH,VERIFIED,Twilio signature or token-bound public
POST,/whatsapp/status,twilio.routes.ts,N,TWILIO_SIGNATURE,TWILIO_OR_TOKEN,via company-permissions.ts role map,N,NO,token,N/A,N/A,HIGH,VERIFIED,Twilio signature or token-bound public
GET,/,user-invitation.routes.ts,Y,AUTHENTICATED,per-route (see module),via company-permissions.ts role map,N,PARTIAL,company-scoped ID,N/A,COMPANY_ID,MEDIUM,VERIFIED,Deep-traced: permission + company-scoped repository
POST,/,user-invitation.routes.ts,Y,AUTHENTICATED,per-route (see module),via company-permissions.ts role map,N,PARTIAL,company-scoped ID,N/A,COMPANY_ID,MEDIUM,VERIFIED,Deep-traced: permission + company-scoped repository
POST,/:invitationId/resend,user-invitation.routes.ts,Y,AUTHENTICATED,users:manage,via company-permissions.ts role map,N,PARTIAL,SERVICE_ENFORCED,N/A,SERVICE_ENFORCED,MEDIUM,PARTIAL,Repo findById unscoped; service checks companyId
POST,/:invitationId/revoke,user-invitation.routes.ts,Y,AUTHENTICATED,users:manage,via company-permissions.ts role map,N,PARTIAL,SERVICE_ENFORCED,N/A,SERVICE_ENFORCED,MEDIUM,PARTIAL,Repo findById unscoped; service checks companyId
GET,/preview,user-invitation.routes.ts,OPTIONAL,OPTIONAL_OR_NONE,TWILIO_OR_TOKEN,via company-permissions.ts role map,N,PARTIAL,token,N/A,N/A,MEDIUM,VERIFIED,Twilio signature or token-bound public
POST,/accept,user-invitation.routes.ts,OPTIONAL,OPTIONAL_OR_NONE,TWILIO_OR_TOKEN,via company-permissions.ts role map,N,PARTIAL,token,N/A,N/A,MEDIUM,VERIFIED,Twilio signature or token-bound public
POST,/decline,user-invitation.routes.ts,OPTIONAL,OPTIONAL_OR_NONE,TWILIO_OR_TOKEN,via company-permissions.ts role map,N,PARTIAL,token,N/A,N/A,MEDIUM,VERIFIED,Twilio signature or token-bound public
GET,/employee-lookups,whatsapp-observability.routes.ts,Y,AUTHENTICATED,platform_admin,via company-permissions.ts role map,PLATFORM,PARTIAL,GLOBAL_BY_DESIGN,requirePlatformAdmin,GLOBAL_BY_DESIGN,MEDIUM,VERIFIED,requirePlatformAdmin; cross-tenant by design
GET,/conversations,whatsapp-observability.routes.ts,Y,AUTHENTICATED,platform_admin,via company-permissions.ts role map,PLATFORM,PARTIAL,GLOBAL_BY_DESIGN,requirePlatformAdmin,GLOBAL_BY_DESIGN,MEDIUM,VERIFIED,requirePlatformAdmin; cross-tenant by design
GET,/conversations/:conversationId,whatsapp-observability.routes.ts,Y,AUTHENTICATED,platform_admin,via company-permissions.ts role map,PLATFORM,PARTIAL,GLOBAL_BY_DESIGN,requirePlatformAdmin,GLOBAL_BY_DESIGN,MEDIUM,VERIFIED,requirePlatformAdmin; cross-tenant by design
POST,/conversations/:conversationId/reveal-phone,whatsapp-observability.routes.ts,Y,AUTHENTICATED,platform_admin,via company-permissions.ts role map,PLATFORM,PARTIAL,GLOBAL_BY_DESIGN,requirePlatformAdmin,GLOBAL_BY_DESIGN,MEDIUM,VERIFIED,requirePlatformAdmin; cross-tenant by design
GET,/conversations/:conversationId/messages,whatsapp-observability.routes.ts,Y,AUTHENTICATED,platform_admin,via company-permissions.ts role map,PLATFORM,PARTIAL,GLOBAL_BY_DESIGN,requirePlatformAdmin,GLOBAL_BY_DESIGN,MEDIUM,VERIFIED,requirePlatformAdmin; cross-tenant by design
GET,/conversations/:conversationId/provider-events,whatsapp-observability.routes.ts,Y,AUTHENTICATED,platform_admin,via company-permissions.ts role map,PLATFORM,PARTIAL,GLOBAL_BY_DESIGN,requirePlatformAdmin,GLOBAL_BY_DESIGN,MEDIUM,VERIFIED,requirePlatformAdmin; cross-tenant by design
GET,/messages/:messageId,whatsapp-observability.routes.ts,Y,AUTHENTICATED,platform_admin,via company-permissions.ts role map,PLATFORM,PARTIAL,GLOBAL_BY_DESIGN,requirePlatformAdmin,GLOBAL_BY_DESIGN,MEDIUM,VERIFIED,requirePlatformAdmin; cross-tenant by design
GET,/flows/:flowExecutionId,whatsapp-observability.routes.ts,Y,AUTHENTICATED,platform_admin,via company-permissions.ts role map,PLATFORM,PARTIAL,GLOBAL_BY_DESIGN,requirePlatformAdmin,GLOBAL_BY_DESIGN,MEDIUM,VERIFIED,requirePlatformAdmin; cross-tenant by design
GET,/errors,whatsapp-observability.routes.ts,Y,AUTHENTICATED,platform_admin,via company-permissions.ts role map,PLATFORM,PARTIAL,GLOBAL_BY_DESIGN,requirePlatformAdmin,GLOBAL_BY_DESIGN,MEDIUM,VERIFIED,requirePlatformAdmin; cross-tenant by design
GET,/errors/:errorCode,whatsapp-observability.routes.ts,Y,AUTHENTICATED,platform_admin,via company-permissions.ts role map,PLATFORM,PARTIAL,GLOBAL_BY_DESIGN,requirePlatformAdmin,GLOBAL_BY_DESIGN,MEDIUM,VERIFIED,requirePlatformAdmin; cross-tenant by design
GET,/notifications/:notificationId,whatsapp-observability.routes.ts,Y,AUTHENTICATED,platform_admin,via company-permissions.ts role map,PLATFORM,PARTIAL,GLOBAL_BY_DESIGN,requirePlatformAdmin,GLOBAL_BY_DESIGN,MEDIUM,VERIFIED,requirePlatformAdmin; cross-tenant by design
GET,/message-costs/summary,whatsapp-observability.routes.ts,Y,AUTHENTICATED,platform_admin,via company-permissions.ts role map,PLATFORM,PARTIAL,GLOBAL_BY_DESIGN,requirePlatformAdmin,GLOBAL_BY_DESIGN,MEDIUM,VERIFIED,requirePlatformAdmin; cross-tenant by design
GET,/message-costs/by-company,whatsapp-observability.routes.ts,Y,AUTHENTICATED,platform_admin,via company-permissions.ts role map,PLATFORM,PARTIAL,GLOBAL_BY_DESIGN,requirePlatformAdmin,GLOBAL_BY_DESIGN,MEDIUM,VERIFIED,requirePlatformAdmin; cross-tenant by design
GET,/message-costs/by-template,whatsapp-observability.routes.ts,Y,AUTHENTICATED,platform_admin,via company-permissions.ts role map,PLATFORM,PARTIAL,GLOBAL_BY_DESIGN,requirePlatformAdmin,GLOBAL_BY_DESIGN,MEDIUM,VERIFIED,requirePlatformAdmin; cross-tenant by design
GET,/message-costs/detail,whatsapp-observability.routes.ts,Y,AUTHENTICATED,platform_admin,via company-permissions.ts role map,PLATFORM,PARTIAL,GLOBAL_BY_DESIGN,requirePlatformAdmin,GLOBAL_BY_DESIGN,MEDIUM,VERIFIED,requirePlatformAdmin; cross-tenant by design
GET,/message-costs/export.csv,whatsapp-observability.routes.ts,Y,AUTHENTICATED,platform_admin,via company-permissions.ts role map,PLATFORM,PARTIAL,GLOBAL_BY_DESIGN,requirePlatformAdmin,GLOBAL_BY_DESIGN,MEDIUM,VERIFIED,requirePlatformAdmin; cross-tenant by design
POST,/message-costs/resync,whatsapp-observability.routes.ts,Y,AUTHENTICATED,platform_admin,via company-permissions.ts role map,PLATFORM,PARTIAL,GLOBAL_BY_DESIGN,requirePlatformAdmin,GLOBAL_BY_DESIGN,MEDIUM,VERIFIED,requirePlatformAdmin; cross-tenant by design
POST,/assign-preview,work-team-assignment.routes.ts,Y,AUTHENTICATED+COMPANY_CONTEXT,per-route (see module),via company-permissions.ts role map,Y,YES,ASSUMED_COMPANY_CONTEXT,synthetic_OWNER_on_company_routes,ASSUMED_COMPANY_CONTEXT,MEDIUM,PARTIAL,Shared authenticate+resolveCompanyContext+requirePermission pattern; repo not call-traced this phase
POST,/assign,work-team-assignment.routes.ts,Y,AUTHENTICATED+COMPANY_CONTEXT,per-route (see module),via company-permissions.ts role map,Y,YES,ASSUMED_COMPANY_CONTEXT,synthetic_OWNER_on_company_routes,ASSUMED_COMPANY_CONTEXT,MEDIUM,PARTIAL,Shared authenticate+resolveCompanyContext+requirePermission pattern; repo not call-traced this phase
GET,/:batchId,work-team-assignment.routes.ts,Y,AUTHENTICATED+COMPANY_CONTEXT,per-route (see module),via company-permissions.ts role map,Y,YES,ASSUMED_COMPANY_CONTEXT,synthetic_OWNER_on_company_routes,ASSUMED_COMPANY_CONTEXT,MEDIUM,PARTIAL,Shared authenticate+resolveCompanyContext+requirePermission pattern; repo not call-traced this phase
POST,/recommendations/team,work-team.routes.ts,Y,AUTHENTICATED+COMPANY_CONTEXT,per-route (see module),via company-permissions.ts role map,Y,YES,ASSUMED_COMPANY_CONTEXT,synthetic_OWNER_on_company_routes,ASSUMED_COMPANY_CONTEXT,MEDIUM,PARTIAL,Shared authenticate+resolveCompanyContext+requirePermission pattern; repo not call-traced this phase
POST,/,work-team.routes.ts,Y,AUTHENTICATED+COMPANY_CONTEXT,per-route (see module),via company-permissions.ts role map,Y,YES,ASSUMED_COMPANY_CONTEXT,synthetic_OWNER_on_company_routes,ASSUMED_COMPANY_CONTEXT,MEDIUM,PARTIAL,Shared authenticate+resolveCompanyContext+requirePermission pattern; repo not call-traced this phase
GET,/,work-team.routes.ts,Y,AUTHENTICATED+COMPANY_CONTEXT,per-route (see module),via company-permissions.ts role map,Y,YES,ASSUMED_COMPANY_CONTEXT,synthetic_OWNER_on_company_routes,ASSUMED_COMPANY_CONTEXT,MEDIUM,PARTIAL,Shared authenticate+resolveCompanyContext+requirePermission pattern; repo not call-traced this phase
GET,/:workTeamId,work-team.routes.ts,Y,AUTHENTICATED+COMPANY_CONTEXT,per-route (see module),via company-permissions.ts role map,Y,YES,ASSUMED_COMPANY_CONTEXT,synthetic_OWNER_on_company_routes,ASSUMED_COMPANY_CONTEXT,MEDIUM,PARTIAL,Shared authenticate+resolveCompanyContext+requirePermission pattern; repo not call-traced this phase
PATCH,/:workTeamId,work-team.routes.ts,Y,AUTHENTICATED+COMPANY_CONTEXT,per-route (see module),via company-permissions.ts role map,Y,YES,ASSUMED_COMPANY_CONTEXT,synthetic_OWNER_on_company_routes,ASSUMED_COMPANY_CONTEXT,MEDIUM,PARTIAL,Shared authenticate+resolveCompanyContext+requirePermission pattern; repo not call-traced this phase
POST,/:workTeamId/activate,work-team.routes.ts,Y,AUTHENTICATED+COMPANY_CONTEXT,per-route (see module),via company-permissions.ts role map,Y,YES,ASSUMED_COMPANY_CONTEXT,synthetic_OWNER_on_company_routes,ASSUMED_COMPANY_CONTEXT,MEDIUM,PARTIAL,Shared authenticate+resolveCompanyContext+requirePermission pattern; repo not call-traced this phase
POST,/:workTeamId/deactivate,work-team.routes.ts,Y,AUTHENTICATED+COMPANY_CONTEXT,per-route (see module),via company-permissions.ts role map,Y,YES,ASSUMED_COMPANY_CONTEXT,synthetic_OWNER_on_company_routes,ASSUMED_COMPANY_CONTEXT,MEDIUM,PARTIAL,Shared authenticate+resolveCompanyContext+requirePermission pattern; repo not call-traced this phase
GET,/:workTeamId/members,work-team.routes.ts,Y,AUTHENTICATED+COMPANY_CONTEXT,per-route (see module),via company-permissions.ts role map,Y,YES,ASSUMED_COMPANY_CONTEXT,synthetic_OWNER_on_company_routes,ASSUMED_COMPANY_CONTEXT,MEDIUM,PARTIAL,Shared authenticate+resolveCompanyContext+requirePermission pattern; repo not call-traced this phase
POST,/:workTeamId/members,work-team.routes.ts,Y,AUTHENTICATED+COMPANY_CONTEXT,per-route (see module),via company-permissions.ts role map,Y,YES,ASSUMED_COMPANY_CONTEXT,synthetic_OWNER_on_company_routes,ASSUMED_COMPANY_CONTEXT,MEDIUM,PARTIAL,Shared authenticate+resolveCompanyContext+requirePermission pattern; repo not call-traced this phase
PUT,/:workTeamId/members,work-team.routes.ts,Y,AUTHENTICATED+COMPANY_CONTEXT,per-route (see module),via company-permissions.ts role map,Y,YES,ASSUMED_COMPANY_CONTEXT,synthetic_OWNER_on_company_routes,ASSUMED_COMPANY_CONTEXT,MEDIUM,PARTIAL,Shared authenticate+resolveCompanyContext+requirePermission pattern; repo not call-traced this phase
DELETE,/:workTeamId/members/:employeeId,work-team.routes.ts,Y,AUTHENTICATED+COMPANY_CONTEXT,per-route (see module),via company-permissions.ts role map,Y,YES,ASSUMED_COMPANY_CONTEXT,synthetic_OWNER_on_company_routes,ASSUMED_COMPANY_CONTEXT,MEDIUM,PARTIAL,Shared authenticate+resolveCompanyContext+requirePermission pattern; repo not call-traced this phase
GET,/:workTeamId/usage,work-team.routes.ts,Y,AUTHENTICATED+COMPANY_CONTEXT,per-route (see module),via company-permissions.ts role map,Y,YES,ASSUMED_COMPANY_CONTEXT,synthetic_OWNER_on_company_routes,ASSUMED_COMPANY_CONTEXT,MEDIUM,PARTIAL,Shared authenticate+resolveCompanyContext+requirePermission pattern; repo not call-traced this phase
